zincid,Binder,D4 Ki(nM),D2 Ki(nM),D3 Ki(nM),cAMP EC50(nM),Inhibition (%) at 10uM,Notes,smiles,score,hac
ZINC000191583186,1,1390,3860,1730,NT,82.48,,Cc1ccc(C[C@@H](CO)N[C@@H](C)CCc2ccccc2[N+](=O)[O-])cc1,-75.5,25.0
ZINC000159533726,0,,,,NT,2.68,,C[C@H](C(=O)Nc1cc([N+](=O)[O-])ccc1Cl)N(C)C[C@@H]1CCC[C@@H]1O,-73.67,24.0
ZINC000151228439,0,,,,NT,17.50,,C[C@@H](NC[C@](C)(O)c1ccccc1)c1cn(-c2ccccc2)nn1,-73.47,24.0
ZINC000291023493,0,,,,NT,-10.33,,C[C@H](Nc1cc(-n2cccn2)nc(N)n1)[C@H](c1ccccc1)N(C)C,-72.95,25.0
ZINC000593577820,0,,,,NT,11.48,,COC(=O)C[C@H]1CSCCN1Cc1cn(-c2cccc(C)c2)nc1C,-72.5,25.0
ZINC000642686331,0,,,,NT,15.21,,Clc1ccccc1-c1cc(CN2CCC[C@H]2Cn2cncn2)no1,-72.22,24.0
ZINC000378200657,0,,,,NT,-5.76,,c1ncn(C[C@@H]2CCCN2Cc2cc(-c3ccccc3)cs2)n1,-72.21,23.0
ZINC000293604393,0,,,,NT,16.59,,C[C@@H](CCc1ccccc1F)N[C@@H](CC(N)=O)c1ccccc1,-71.7,23.0
ZINC000365834982,0,,,,NT,-0.08,,C[C@H](C(=O)Nc1cccc2ccccc21)N1CC[C@@](O)(C2CC2)C1,-71.66,24.0
ZINC000640099740,0,,,,NT,-4.08,,Cc1sc2nc(CN3CC[C@H](O)[C@H]4CCCC[C@@H]43)nc(O)c2c1C,-71.55,24.0
ZINC000495211316,0,,,,NT,11.99,,CC[C@]1(O)CCN(CC(=O)NCc2ccc(F)cc2C(F)(F)F)C1,-71.48,24.0
ZINC000367970677,0,,,,NT,44.40,,Cc1ccccc1-n1cc(CN[C@@H]2Cc3ccccc3[C@@H]2O)nn1,-71.47,24.0
ZINC000155613934,0,,,,NT,2.54,,CC(C)OC(=O)[C@H](C)N(C)C[C@H](O)Cc1ccccc1C(F)(F)F,-71.46,24.0
ZINC000488230856,0,,,,NT,43.75,,CCC1CCC(N(CCO)CC(=O)Nc2cc(F)cc(F)c2)CC1,-71.18,24.0
ZINC000067715288,0,,,,NT,32.19,,CC[C@H]1CCCCN1CC(=O)Nc1c(C#N)cnn1-c1ccccc1,-71.06,25.0
ZINC000613759362,1,3910,>10000,>10000,NT,65.77,,CN(CCc1ccccc1)CC(=O)NCc1ccccc1C(F)(F)F,-70.92,25.0
ZINC000480496068,1,2950,>10000,>10000,NT,69.57,,COC(=O)c1ccccc1CCN(C)CC(=O)Nc1cccc(Cl)c1,-70.85,25.0
ZINC000352657646,0,,,,NT,-1.02,,CCOC(=O)c1nc(-c2ccccc2)oc1CN(C)[C@@H]1CCC[C@@H]1O,-70.79,25.0
ZINC000302699560,0,,,,NT,3.55,,Cc1ccc(C[C@@H](CO)CNc2cc(-n3cccn3)nc(N)n2)cc1,-70.73,25.0
ZINC000475202287,0,,,,NT,24.86,,OC[C@H](Cc1ccc(F)cc1)NCc1ccc(Cl)cc1-n1cncn1,-70.73,25.0
ZINC000521570499,0,,,,NT,-20.18,,Cc1cccc(C)c1NC(=O)CNC(=O)[C@@H](C)N[C@@H]1CCC[C@@H]2C[C@@H]21,-70.54,25.0
ZINC000080960073,0,,,,NT,3.01,,C[C@@H](NC(=O)CN1CCC[C@H](c2ncc[nH]2)C1)c1ccc(Cl)cc1,-70.48,24.0
ZINC000159509070,0,,,,NT,29.53,,CN(CC(=O)Nc1cc(C(F)(F)F)ccc1Cl)C[C@@H]1CCC[C@@H]1O,-70.32,24.0
ZINC000450557088,0,,,,NT,23.53,,C[C@@H](c1ccccc1)[C@H](O)CN(C)CC(=O)Nc1cc(F)cc(F)c1,-70.2,25.0
ZINC000359552375,0,,,,NT,57.30,,C[C@H](C(=O)NCc1ccc(F)cc1)N1CC[C@]2(CC[C@@H](C)C2)C1,-70.18,23.0
ZINC000270959340,0,,,,NT,6.14,,CC[C@@H]1CN([C@H](C)C(=O)NCc2ccc(Cl)cc2)C[C@@H]1O,-70.14,21.0
ZINC000265162697,0,,,,NT,7.62,,COC(=O)c1cc(NC(=O)[C@@H](C)N2CC[C@H](O)C2)cc(C(=O)OC)c1,-70.12,25.0
ZINC000345765694,0,,,,NT,-1.26,,CCCNc1ccc(C#N)cc1NC(=O)CN1[C@@H](C)CC[C@@H]1C,-70.04,23.0
ZINC000452104081,0,,,,NT,2.21,,C[C@@H](C(=O)Nc1ccc(Cl)cc1C(F)(F)F)N1C[C@H](C)C[C@@H](O)C1,-70.02,24.0
ZINC000650720303,0,,,,NT,37.33,,c1ncn(-c2ccccc2CNCC[C@@H]2CCc3ccccc3N2)n1,-69.89,25.0
ZINC000280696398,0,,,,NT,36.41,,COc1cc(NC(=O)[C@@H](C2CC2)N2CCCC2)cc(-n2cccn2)c1,-69.86,25.0
ZINC000298731694,0,,,,NT,-19.34,,O=C(N[C@H](CO)CN1CCCCC1)c1cc(O)c2ccccc2n1,-69.86,24.0
ZINC000372295546,0,,,,NT,2.57,,C[C@H](C(=O)Nc1ccc(OC(F)(F)F)cc1)N1C[C@H](O)C2(CC2)C1,-69.83,24.0
ZINC000517755157,1,5200,>10000,>10000,NT,62.81,,C[C@@H](C(=O)NC(C)(C)C)N(C)Cc1cc2ccccc2n(C)c1=O,-69.65,24.0
ZINC000373387982,1,2530,>10000,>10000,NT,68.80,,OC1(CNCc2ccc(Cl)cc2-n2cncn2)Cc2ccccc2C1,-69.63,25.0
ZINC000619015225,0,,,,NT,10.62,,Cc1cccn2c(NC(=O)[C@@H](C3CC3)N3CCCC3)cnc12,-69.6,22.0
ZINC000284910391,0,,,,NT,16.87,,C[C@H](c1ncc(-c2ccc(Cl)cc2)o1)N1CC[C@@](O)(c2c[nH]nn2)C1,-69.55,25.0
ZINC000488256763,0,,,,NT,74.48,,C=C(CN[C@H](Cc1ccc(Cl)cc1)C(N)=O)c1ccccc1,-69.55,22.0
ZINC000480408888,1,400,>10000,>10000,ND,89.34,,CN(C)[C@@]1(CNC(=O)c2cnn(-c3ccc(Cl)cc3)c2)CCSC1,-69.05,24.0
ZINC000367447199,0,,,,NT,54.90,,O=C(CN1CC[C@@]2(C1)CCCOC2)Nc1cccc2ccccc21,-68.93,24.0
ZINC000573216829,1,1430,>10000,>10000,32720,84.24,,Cn1c2ccccc2cc(CN2CC[C@@H]2Cc2ccccc2)c1=O,-68.86,24.0
ZINC000130532671,1,320,>10000,>10000,IC50 = 10810,88.77,,CCOC(=O)c1nn(-c2ccccc2)cc1CN(C)[C@@H]1CCSC1,-68.84,24.0
ZINC000176752603,1,300,>10000,>10000,ND,98.25,,O[C@]1(CNCc2cnn(-c3ccc(Br)cc3)c2)CCSC1,-68.76,21.0
ZINC000185084297,0,,,,NT,-5.75,,C[C@@H](N[C@@H]1Cc2ccccc2[C@@H]1O)c1nc(-c2cccc(F)c2)no1,-68.76,25.0
ZINC000343213239,0,,,,NT,64.06,,CN(CC(=O)NCCc1csc2ccccc12)[C@@H]1CCSC1,-68.29,22.0
ZINC000155719879,1,460,>10000,>10000,7160,90.67,,Cc1cc(C(=O)N[C@@H]2CN(C(C)C)C[C@@H]2C)cc([N+](=O)[O-])c1,-68.23,22.0
ZINC000566176942,0,,,,NT,45.66,,C[C@H](C(=O)Nc1ccc(Cl)cn1)N1CC[C@@H](c2cccnc2)C1,-68.14,23.0
ZINC000117348217,0,,,,NT,0.05,,CC(C)[C@H]1CCCCN1Cc1nc2sc3c(c2c(=O)[nH]1)CCC3,-67.93,23.0
ZINC000377646411,0,,,,NT,-0.18,,CCOC(=O)c1cnn(C)c1NC(=O)CN1CC[C@@](CO)(C(C)C)C1,-67.93,25.0
ZINC000135539613,0,,,,NT,11.92,,O=C(CN1CCS[C@H]2COCC[C@@H]21)Nc1ccc(Br)cc1,-67.92,21.0
ZINC000289915250,0,,,,NT,-2.38,,Cc1ccccc1-n1cc(CNC[C@@](C)(O)c2ccsc2)nn1,-67.92,23.0
ZINC000332615244,0,,,,NT,-7.44,,C[C@@H]1CCCN(C(C)(C)CNC(=O)[C@@H](O)Cc2ccccc2)C1,-67.83,23.0
ZINC000304720724,0,,,,NT,21.53,,CN(CCO)Cc1cn(-c2ccccc2)nc1-c1cccs1,-67.76,22.0
ZINC000547642529,0,,,,NT,3.31,,Clc1ccc(-n2cc(CN[C@@H]3CCn4ccnc4C3)nn2)c(Cl)c1,-67.76,24.0
ZINC000112857579,0,,,,NT,-10.97,,CC(C)[C@@H](C(=O)N[C@H](C)c1nc2ccccc2[nH]1)N1CCCCC1,-67.71,24.0
ZINC000451479054,0,,,,NT,7.31,,CC1(C)[C@H](NCC(=O)Nc2ccc([N+](=O)[O-])cc2Cl)[C@H]2CCCO[C@H]21,-67.7,25.0
ZINC000609540377,1,3850,>10000,>10000,NT,66.85,,C[C@H](C(=O)Nc1cccc([N+](=O)[O-])c1)N1CC[C@@H](c2ccco2)C1,-67.7,24.0
ZINC000298433681,0,,,,NT,7.65,,CC(C)COC[C@H](O)CN(C)CC(=O)Nc1cccc(Cl)c1,-67.66,22.0
ZINC000355327118,0,,,,NT,56.28,,CN1CCCC(C)(C)[C@H]1CNC(=O)c1cnnc(-c2ccccc2)c1,-67.66,25.0
ZINC000267294321,0,,,,NT,-1.32,,C[C@H](C(=O)Nc1ccc2ccccc2c1)N1CC[C@](C)(O)C1,-67.59,22.0
ZINC000375299581,1,180,>10000,>10000,ND,92.06,,C#CCOc1ccccc1CN1CC[C@@]2(C1)C(=O)Nc1ccccc12,-67.59,25.0
ZINC000247477468,0,,,,NT,-15.31,,C[C@H](C(=O)c1c(N)n(C)c(=O)n(C)c1=O)N1C[C@@H]2CCC[C@H]2C1,-67.58,23.0
ZINC000681711644,0,,,,NT,-5.63,,CCc1ccccc1NC(=O)CNC(=O)CN1CC[C@H]2CCC[C@H]21,-67.56,24.0
ZINC000615622500,1,150,>10000,5400,ND,99.52,,CN(C)[C@@H](CNC(=O)NC[C@H]1Cc2ccccc21)Cc1ccccc1,-67.51,25.0
ZINC000248536951,0,,,,NT,-1.32,,C[C@H](C(=O)Nc1sc2c(c1C#N)CCC2)N1CC[C@H]([C@H](C)O)C1,-67.47,23.0
ZINC000245899191,0,,,,NT,65.34,,COc1ccc(NC(=O)CN[C@H]2[C@H](C)CCC[C@@H]2C)c([N+](=O)[O-])c1,-67.44,24.0
ZINC000375310940,0,,,,NT,19.79,,Cc1ccccc1NC(=O)CN1CC[C@@]2(C1)c1ccccc1NC2=O,-67.44,25.0
ZINC000631235817,1,3570,>10000,>10000,NT,62.75,,C[C@](CO)(Cc1ccccc1F)NCc1cn2cc(Cl)ccc2n1,-67.42,24.0
ZINC000179028195,0,,,,NT,86.88,,O[C@]1(CNCc2cn(-c3ccccc3)nc2-c2cccs2)CCOC1,-67.4,25.0
ZINC000368074394,0,,,,NT,-19.24,,C[C@H]1CC[C@@]2(CCN(CC(=O)c3c(N)n(C)c(=O)n(C)c3=O)C2)C1,-67.4,24.0
ZINC000279624908,1,4210,>10000,>10000,NT,73.47,,CC(=O)N1CCC[C@H](CN[C@@H](C)CCc2ccccc2[N+](=O)[O-])C1,-67.37,24.0
ZINC000561217259,1,8090,>10000,>10000,NT,61.40,,Cn1c2ccccc2cc(CNC(=O)N[C@H](CN)C2CCCC2)c1=O,-67.37,25.0
ZINC000594511648,0,,,,NT,43.14,,C[C@H](CN[C@@H](C)CCc1ccccc1[N+](=O)[O-])C(=O)OC(C)(C)C,-67.33,24.0
ZINC000525237972,1,5910,>10000,>10000,NT,51.42,,C[C@H](C(=O)Nc1ccc(O)c2ccccc12)N1CCCCCC1,-67.32,23.0
ZINC000247398558,1,210,>10000,>10000,ND,107.83,,CC(C)N1C[C@H](C)[C@H](NC(=O)c2cccc3cc[nH]c32)C1,-67.31,21.0
ZINC000421039533,0,,,,NT,89.54,,Cc1ccc(NC(=O)[C@H](C)N2CCC[C@H](CCO)CC2)cc1C,-67.31,23.0
ZINC000366646246,0,,,,NT,11.25,,COC(=O)c1c(C)[nH]c(C(=O)[C@@H](C)N2C[C@H](O)C3(CC3)C2)c1C,-67.3,23.0
ZINC000251658325,0,,,,NT,28.46,,CC[C@H](C)CN(CC)[C@H](C)C(=O)Nc1cccc(C#N)c1,-67.27,21.0
ZINC000331412478,0,,,,NT,4.32,,C[C@]1(O)CCN(CC(=O)NC[C@@H]2Cc3ccccc3O2)C1,-67.27,21.0
ZINC000535316507,0,,,,NT,28.80,,Cn1ccnc1[C@@H]1CCN(Cc2cn3ccccc3c2C#N)C1,-67.27,23.0
ZINC000080960915,0,,,,NT,-3.68,,COc1ccccc1CNC(=O)[C@H](C)N1CCC[C@H](c2ncc[nH]2)C1,-67.25,25.0
ZINC000459715279,0,,,,NT,20.22,,Cc1cccc(CNC(=O)CN2CC3(CCC3)[C@H]3COC[C@@H]32)c1,-67.25,23.0
ZINC000601953994,1,980,>10000,>10000,ND,88.60,,N#Cc1ccnc(SC[C@]2(O)CCN(Cc3ccccc3)C2)c1,-67.25,23.0
ZINC000348555593,1,2720,>10000,>10000,NT,53.00,,CN(Cc1cn(-c2ccc(Cl)cc2Cl)nn1)[C@H]1CCC[C@H]1O,-67.24,22.0
ZINC000640028109,1,810,>10000,>10000,ND,43.08,,O=C(CN1C[C@@H](O)C[C@@H]1C1CC1)Nc1ccc(Br)cc1,-67.16,20.0
ZINC000466408491,1,3920,4780,5430,265,94.40,,OC[C@@H](CNCc1cn2cc(Cl)ccc2n1)CC1CCCC1,-67.07,22.0
ZINC000374410673,0,,,,NT,7.98,,C[C@H](C(=O)Nc1cc([N+](=O)[O-])ccc1Cl)N1CC[C@H]([C@@H]2CCOC2)C1,-66.9,25.0
ZINC000023991615,0,,,,NT,6.31,,CCCCN(C)[C@@H](C)C(=O)Nc1cc([N+](=O)[O-])ccc1OC,-66.86,22.0
ZINC000362430581,0,,,,NT,32.25,,C[C@H](C(=O)NCc1ccccc1Cl)N1C[C@H](C)[C@H](C)C1,-66.85,20.0
ZINC000425345543,1,2540,>10000,>10000,31550,85.80,,COc1cc(NC(=O)CN[C@@H]2CC[C@@H](C)[C@H](C)C2)cc(OC)c1,-66.85,23.0
ZINC000651686924,1,2570,>10000,>10000,21490,75.70,,Cc1nn(-c2cccc(C)c2)cc1CN[C@@H]1c2ccccc2C[C@@H]1O,-66.84,25.0
ZINC000450226409,0,,,,NT,24.30,,C[C@@H](c1ccccc1)[C@H](O)CN(C)Cc1ccccc1[N+](=O)[O-],-66.74,23.0
ZINC000661656736,0,,,,NT,31.40,,C[C@H](C(=O)Nc1cccc(C(F)(F)F)c1)N(C)CC1=CCCOC1,-66.61,24.0
ZINC000271789537,0,,,,NT,4.78,,C[C@@H](NCC1(O)CCOCC1)c1cccc(N2CCCC2)c1,-66.6,22.0
ZINC000368226385,1,1170,>10000,>10000,NT,71.18,,C[C@H](NCc1c[nH]c(-c2ccc(Cl)cc2)n1)[C@H]1CCCO1,-66.51,21.0
ZINC000497495625,0,,,,NT,59.39,,Cc1ccsc1CNC(=O)CN1CCC[C@H]1C1CCCC1,-66.48,21.0
ZINC000072898724,0,,,,NT,1.06,,CC(=O)c1ccc(NC(=O)[C@@H](C)N2CCC3(C2)CCOCC3)cc1,-66.45,24.0
ZINC000610680867,0,,,,NT,13.40,,CCc1ccccc1NC(=O)CN(C)CCn1c(C)ncc1[N+](=O)[O-],-66.34,25.0
ZINC000293543779,1,1210,>10000,>10000,133,88.56,,C[C@H]1CN(C2CC2)C[C@H]1NC(=O)c1cnc2c(F)ccc(F)c2c1,-66.3,24.0
ZINC000357551804,0,,,,NT,39.11,,CC[C@H]1CC[C@H](C)N1CC(=O)NCCc1cccc2cccnc21,-66.22,24.0
ZINC000639558608,0,,,,NT,22.18,,C[C@H](c1nnc(-c2ccc3ccccc3c2)o1)N1C[C@@H](C)[C@@H](O)C1,-66.2,24.0
ZINC000562713783,0,,,,NT,41.37,,O=S(=O)(N[C@@H]1CCN(C2CCCC2)C1)c1cc2cc(F)ccc2o1,-66.04,24.0
ZINC000135488461,0,,,,NT,47.51,,CSC[C@H]1CCCN1CC(=O)Nc1ccc(C(C)=O)cc1,-66.01,21.0
ZINC000154146881,0,,,,NT,18.13,,COc1ccc(CNC(=O)CN(C)[C@H]2CCSC2)c(OC)c1,-65.97,22.0
ZINC000419278537,1,1130,>10000,>10000,ND,81.25,,CC[C@]1(O)CCN(Cc2cc(-c3ccccc3Cl)on2)C1,-65.97,21.0
ZINC000290372608,0,,,,NT,58.69,,O[C@H]1c2ccccc2OC[C@@H]1NC1CC(c2ccccc2)C1,-65.94,22.0
ZINC000377628890,0,,,,NT,48.56,,COc1cccc(CNC2CC(c3cccc(C)c3)C2)c1O,-65.9,22.0
ZINC000591068587,0,,,,NT,43.46,,CCN1C[C@H](C)[C@H](NC(=O)[C@@H]2C[C@H]2c2ccc([N+](=O)[O-])cc2)C1,-65.8,23.0
ZINC000609076791,1,330,>10000,>10000,31540,79.58,,Cc1ccc(C(=O)NC[C@@H](C)N2CCCC2)cc1I,-65.79,19.0
ZINC000374072306,0,,,,NT,2.49,,O[C@@H]1CCCC[C@H]1[C@@H]1CCCN1Cc1nnc(-c2ccccc2)o1,-65.77,24.0
ZINC000572302473,1,910,>10000,>10000,ND,90.99,,CC1(C)CCN(CC(=O)NC[C@@H]2CCC[C@H]2C2CC2)C1,-65.77,20.0
ZINC000639585864,0,,,,NT,-5.76,,CN(Cc1nnc(-c2cccc3ccccc32)o1)CC1(O)CCC1,-65.77,24.0
ZINC000412694364,0,,,,NT,17.02,,C[C@H]1CN(C(=O)c2cnn(CCF)c2)CCN1Cc1ccccc1,-65.74,24.0
ZINC000657699696,0,,,,NT,34.83,,Cc1nn(-c2ccccc2Cl)cc1CNCC(O)(C1CC1)C1CC1,-65.73,24.0
ZINC000453018295,0,,,,NT,43.16,,O[C@H](Cc1ccc2ccccc2c1)CN1C[C@]2(CCCO2)[C@H]1C1CC1,-65.68,25.0
ZINC000592181028,0,,,,NT,23.42,,C[C@@H]1CC2(CN1CC(=O)Nc1cc(Cl)ccc1C#N)CCOCC2,-65.63,24.0
ZINC000433256163,1,2440,>10000,>10000,ND,77.35,,CSc1cccc(NC(=O)[C@H](C)N2CC3(CCC3)C[C@H]2C)c1,-65.61,22.0
ZINC000277343296,1,4070,>10000,>10000,NT,66.08,,O[C@]1(CNC2CC(c3cccc(Br)c3)C2)CCSC1,-65.6,19.0
ZINC000488122558,0,,,,NT,54.69,,C[C@@H]1CN(Cc2cncc(OCc3ccccc3)c2)C[C@@H]1O,-65.55,22.0
ZINC000363675222,0,,,,NT,56.54,,CO[C@H]1CCCN([C@@H](C)C(=O)Nc2ccc(C#N)c(Cl)c2)CC1,-65.54,23.0
ZINC000655736376,0,,,,NT,83.77,,CCC(CC)[C@@H](O)CNCc1cn(-c2ccc(C)cc2)nc1C,-65.48,23.0
ZINC000657852679,1,3460,>10000,>10000,NT,76.53,,O=C(CN[C@@H]1CCCSCC1)Nc1ccc(Br)cc1,-65.37,19.0
ZINC000595834230,0,,,,NT,53.79,,CCOC(=O)c1nc(-c2ccccc2)oc1CN1CCC2(COC2)C1,-65.35,25.0
ZINC000268141382,1,560,>10000,>10000,9930,93.37,,C[C@H]1CN(C2CC2)C[C@H]1NC(=O)c1cc2cc([N+](=O)[O-])ccc2s1,-65.33,24.0
ZINC000270061995,0,,,,NT,39.59,,O[C@@]1(CNCc2cn(-c3ccc(F)cc3Cl)nn2)CCSC1,-65.28,22.0
ZINC000246954730,0,,,,NT,63.23,,Cc1cccc(NC(=O)[C@H](C)N2CC[C@H]3OCCC[C@H]3C2)c1C,-65.23,23.0
ZINC000450352542,0,,,,NT,42.43,,C[C@H]1C[C@@H](Nc2ncnc3cc(Br)ccc32)CCN1C,-65.22,20.0
ZINC000617989628,0,,,,NT,39.45,,CN(CC(=O)Nc1ccc2ccn(C(F)F)c2c1)[C@H]1CCSC1,-65.13,23.0
ZINC000343998070,0,,,,NT,44.69,,Fc1ccc(-c2ccc(CN3CCC[C@H]3Cn3ccnn3)o2)cc1,-65.1,24.0
ZINC000485951008,0,,,,NT,65.77,,Fc1ccc2[nH]c(=NCc3cn(-c4ccc(F)c(Cl)c4)nn3)[nH]c2c1,-64.99,25.0
ZINC000451895384,0,,,,NT,31.11,,Cc1ccc(NC(=O)[C@H](C)N2CCC[C@]3(CCOC3)C2)c(Cl)c1,-64.97,23.0
ZINC000366649577,0,,,,NT,44.75,,Cc1ccc(CNC(=O)CN2CC[C@@H]([C@@H]3CCOC3)C2)cc1,-64.92,22.0
ZINC000464771011,1,140,>10000,>10000,10.42,99.66,,CCS[C@H]1CC[C@@H](N(C)CC(=O)Nc2ccc(C)c(C)c2)C1,-64.89,22.0
ZINC000413396487,0,,,,NT,51.17,,Cc1cccc2nc(NCC3(N4CCOCC4)CCOCC3)sc21,-64.87,24.0
ZINC000451982669,0,,,,NT,8.39,,C[C@@H](C(=O)Nc1cccc([N+](=O)[O-])c1)N1CCC[C@]2(CCSC2)C1,-64.87,24.0
ZINC000128927868,0,,,,NT,19.81,,O=C(Nc1nccc2sccc21)[C@H](C1CC1)N1CCCC1,-64.83,21.0
ZINC000344040091,0,,,,NT,-8.92,,Cc1cc2cc(CNC(=O)CN3[C@@H](C)CC[C@@H]3C)ccc2[nH]1,-64.83,22.0
ZINC000360021487,0,,,,NT,5.02,,Cc1cccc(-c2nnc([C@@H](C)N(C)CCc3ccncc3)o2)c1,-64.8,24.0
ZINC000369205980,0,,,,NT,-5.59,,N#CC1(c2ccccn2)CCN([C@@H]2Cc3ccccc3[C@@H]2O)CC1,-64.8,24.0
ZINC000270628406,0,,,,NT,-0.59,,Cc1sc2nc(CN3CCC4(C3)CCOCC4)nc(O)c2c1C,-64.79,23.0
ZINC000544192609,0,,,,NT,14.68,,Clc1ccc(-n2cc(CN[C@@H]3CC=CCC3)nn2)cc1Cl,-64.79,21.0
ZINC000363377421,0,,,,NT,8.51,,C[C@@H](NC(=O)CN1CCCOCC1)c1ccc2ccccc2c1,-64.77,23.0
ZINC000290537631,0,,,,NT,25.35,,CSCc1cccnc1C(=O)N[C@@H]1CN(C2CC2)C[C@@H]1C,-64.75,21.0
ZINC000649689957,1,3310,>10000,>10000,NT,66.24,,CCC[C@H](C)[C@H](CO)NCc1cc(-c2ccccc2)on1,-64.75,21.0
ZINC000464682470,1,3460,>10000,>10000,NT,96.03,,c1ccc(C[C@H]2CCN2Cc2nnc(-c3ccccc3)s2)cc1,-64.72,23.0
ZINC000271382349,0,,,,NT,89.82,,CC[C@H]1CN(Cc2cn(-c3cccc(Cl)c3Cl)nn2)C[C@@H]1O,-64.7,22.0
ZINC000602586979,1,2560,>10000,>10000,NT,68.53,,COC(=O)c1cc(CN(C)C[C@H]2CCCC[C@H]2O)[nH]c1C,-64.65,21.0
ZINC000527688598,0,,,,NT,20.26,,OC[C@@H](C[C@H](O)c1ccccc1)NCc1ncc(Br)cc1F,-64.57,22.0
ZINC000563406324,0,,,,NT,51.29,,O=C([C@@H]1CCCN(Cc2cccc(F)c2)C1)N1Cc2cncnc2C1,-64.52,25.0
ZINC000467716766,1,700,>10000,>10000,34800,87.73,,C[C@H]1CN(C2CC2)C[C@H]1NC(=O)c1cc2cc(Br)ccc2o1,-64.47,22.0
ZINC000185158323,0,,,,NT,88.47,,Cc1cccnc1/C=C/C(=O)N[C@@H]1CN(C(C)C)C[C@@H]1C,-64.46,21.0
ZINC000640050710,0,,,,NT,6.34,,Cc1cc(C(=O)CN2C[C@H](O)C[C@H]2C2CC2)c(C)n1-c1nccs1,-64.45,24.0
ZINC000265066748,0,,,,NT,57.98,,CN(C)C1(CNC(=O)c2csc(-c3ccc(F)cc3)n2)CCOCC1,-64.39,25.0
ZINC000305241084,0,,,,NT,47.56,,C[C@@](O)(CNCc1cccc(-c2ccccn2)c1)c1ccco1,-64.38,23.0
ZINC000666614106,0,,,,NT,31.38,,O=C(Nc1cc(Cl)cc(Cl)c1)N1CC[C@@H]2CCN[C@@H]2C1,-64.36,20.0
ZINC000488640994,0,,,,NT,9.39,,CCN(C[C@H]1CCCO1)[C@H](C)C(=O)Nc1cccc(Br)c1,-64.35,21.0
ZINC000487844530,0,,,,NT,24.27,,CC[C@H](C(=O)NC[C@@H]1SCCc2ccccc21)N(CC)CC,-64.24,22.0
ZINC000651262870,1,440,>10000,>10000,31040,83.60,,C[C@H](CNC(=O)c1coc2ccc(Cl)cc12)N1CCCC1,-64.24,21.0
ZINC000407322128,0,,,,NT,10.86,,Cc1nc(-c2cccc(NC(=O)[C@@H]3CC[C@H](C4CC4)N3)c2)n[nH]1,-64.22,23.0
ZINC000301254546,0,,,,NT,9.13,,C[C@@H](CNc1nc2sccn2c1[N+](=O)[O-])N(C)Cc1ccccc1,-64.21,24.0
ZINC000565883300,0,,,,NT,73.18,,CC(C)N1CC[C@H](CN=c2[nH]c(C(F)(F)F)c(Br)s2)C1,-64.19,20.0
ZINC000026473483,0,,,,NT,5.34,,C[C@@H]1CCC[C@H](N(C)CC(=O)Nc2cc3c(cc2[N+](=O)[O-])OCO3)C1,-64.13,25.0
ZINC000656264298,0,,,,NT,47.18,,Cc1ccc(NC(=O)CN[C@H]2CC[C@@H](C)SC2)c(Cl)c1,-64.13,20.0
ZINC000177973904,0,,,,NT,31.66,,Cc1cc(-n2c(C)cc(C(=O)CN3CC[C@](C)(O)C3)c2C)no1,-64.12,23.0
ZINC000646092836,1,3650,>10000,>10000,ND,76.17,,Cc1c(Cl)cccc1NC(=O)CN[C@@H]1CCC[C@H]2C[C@H]21,-64.12,20.0
ZINC000275794416,0,,,,NT,45.13,,CC(C)c1nnc2ccc(NC(=O)[C@@H](C3CC3)N3CCCC3)cn21,-64.08,24.0
ZINC000128122168,0,,,,NT,24.15,,Cn1ccnc1-c1csc(NC(=O)[C@@H](C2CC2)N2CCCC2)n1,-64.05,23.0
ZINC000085334606,1,6810,>10000,>10000,NT,71.72,,O[C@@H]1Cc2ccccc2[C@@H]1NCc1ccc(-c2ccc(F)cc2)o1,-64.0,24.0
ZINC000253552236,0,,,,NT,11.18,,CC(C)N1C[C@H](C)[C@H](NC(=O)c2cc(O)nc3cc(F)ccc32)C1,-64.0,24.0
ZINC000290628915,0,,,,NT,41.70,,Cc1ncc(CN2CC[C@H](C(=O)N3CCCC3)C2)n1-c1ccccc1,-64.0,25.0
ZINC000337655505,0,,,,NT,-32.25,,CN(C)CC(=O)Nc1cc(-c2ccsc2)nn1-c1ccccc1,-64.0,23.0
ZINC000539926398,1,3250,>10000,>10000,NT,78.45,,O=C(CCc1ccc(Cl)cc1Cl)NCCN1CC=CCC1,-64.0,21.0
ZINC000624261462,0,,,,NT,5.87,,N=c1[nH]c(=N)[nH]c(=NC[C@H]2CCCC[C@@H]2c2ccccc2)[nH]1,-64.0,22.0
ZINC000270269326,1,500,>10000,>10000,17.4,89.24,,Clc1ccc(-n2cc(CNC[C@@H]3CCCOC3)nn2)c(Cl)c1,-63.99,22.0
ZINC000298424869,0,,,,NT,40.90,,CC(C)(CO)[C@@H](NCC[C@H](O)c1ccccc1)c1cccs1,-63.99,22.0
ZINC000451246180,0,,,,NT,-6.84,,CC1(C)OCC[C@H]1N[C@@H]1CCN(c2ccc(Cl)cc2Cl)C1=O,-63.99,22.0
ZINC000639821604,0,,,,NT,40.16,,CCN(CC(=O)Nc1ccc(C)cc1)[C@H]1CCN(CC(F)(F)F)C1,-63.99,24.0
ZINC000355145881,0,,,,NT,11.92,,CCCCn1ncc(NC(=O)[C@@H](CCC)NC(C)C)c1C,-63.98,21.0
ZINC000414571266,1,6210,>10000,>10000,NT,85.54,,COC(=O)c1occc1CN[C@H](C)Cc1cn(C)c2ccc(F)cc12,-63.98,25.0
ZINC000433175971,0,,,,NT,-9.86,,OCCN(Cc1ncc(-c2ccccc2F)o1)[C@H]1CCCSC1,-63.98,23.0
ZINC000277379419,0,,,,NT,8.04,,Cc1ccsc1CNC(=O)CN[C@@H]1CCOC[C@@H]1C,-63.97,19.0
ZINC000593910140,0,,,,NT,-5.96,,O=C(NCCc1ccccc1[N+](=O)[O-])[C@H]1CC[C@H](C2CC2)N1,-63.97,22.0
ZINC000625626121,0,,,,NT,27.22,,C[C@@H](c1ccc(F)c(Cl)c1)N1C[C@@H](O)[C@H](Oc2cnn(C)c2)C1,-63.97,23.0
ZINC000065939558,0,,,,NT,17.10,,Cc1cc(NC(=O)C(=O)N(CCN(C)C)Cc2cccc(F)c2)no1,-63.96,25.0
ZINC000269834111,0,,,,NT,9.30,,Cc1ccc(C)c(NC(=O)[C@H](C)N2CCC[C@H]2C[C@@H](C)O)c1,-63.96,22.0
ZINC000431415543,1,6370,>10000,>10000,NT,80.83,,Cn1c2cc(F)ccc2[nH]c1=NCCc1nc(-c2ccccc2)n[nH]1,-63.96,25.0
ZINC000429250556,0,,,,NT,1.26,,Cc1ccc(C)c(NC(=O)CNC(C)(C)c2ccccc2F)c1,-63.95,23.0
ZINC000114729400,0,,,,NT,22.85,,CNC(=O)c1cccc(NC(=O)[C@H](C)N2CCC[C@H](C(C)C)CC2)c1,-63.94,25.0
ZINC000301675210,0,,,,NT,-12.79,,Nc1nc(NC[C@H]2CC(=O)Nc3ccccc32)cc(-n2cccn2)n1,-63.94,25.0
ZINC000437075156,1,190,>10000,>10000,10440,95.96,,C[C@H](N[C@H](CO)Cc1ccccc1)c1cc2c(s1)CCC2,-63.94,21.0
ZINC000641276655,0,,,,NT,36.90,,COc1cccc([C@@H](CNc2ncncc2C)N2CCCC2)c1,-63.94,23.0
ZINC000564047596,0,,,,NT,72.87,,COc1ccc(F)c2[nH]c(C(=O)N3CCN(c4ncc[nH]4)CC3)cc21,-63.93,25.0
ZINC000513544959,0,,,,NT,-4.59,,Cc1ccc(CNCC2(O)CCN(C(C)C)CC2)c(Br)c1,-63.92,21.0
ZINC000271207637,0,,,,NT,-15.64,,CN(Cc1cc(-c2ccccc2)ccc1O)[C@H]1CCN(C)C1=O,-63.91,23.0
ZINC000345017701,0,,,,NT,7.11,,COC(=O)c1occc1CNC[C@@H]1C[C@H](O)CN1Cc1ccccc1,-63.91,25.0
ZINC000429271342,1,1710,>10000,>10000,NT,87.02,,CC[C@H]1CCN1[C@H](C)C(=O)Nc1ccc(Br)cc1,-63.91,18.0
ZINC000465129598,1,80,>10000,>10000,23.8,99.15,,CC(C)N1C[C@H](C)[C@H](NC(=O)c2cc3ccc(Br)cc3[nH]2)C1,-63.91,22.0
ZINC000493204343,1,2450,>10000,5890,NT,83.02,,CC(C)(C)[C@@H](CN)NC(=O)/C=C/c1csc(Br)c1,-63.91,18.0
ZINC000564471621,0,,,,NT,36.90,,CN[C@@H](C)C(=O)NCc1cccc(-c2ccc(C)cc2)c1,-63.91,21.0
ZINC000626433159,0,,,,NT,-10.74,,CO[C@@H]1CCN([C@@H]2CCC[C@@H]2N(C)C(=O)Nc2ccc(C)nc2C)C1,-63.91,25.0
ZINC000265738616,1,2240,>10000,>10000,NT,62.14,,CS[C@@H](CO)[C@@H](C)NCc1cc(-c2ccccc2)ccc1O,-63.91,22.0
ZINC000131555915,0,,,,NT,12.26,,C[C@H](Cn1ncc2ccccc2c1=O)NC[C@@H]1CC=CCC1,-63.9,22.0
ZINC000345928153,0,,,,NT,3.75,,CC[C@H](C(=O)Nc1ccnn1CC)N(CC)CC,-63.9,18.0
ZINC000358789280,0,,,,NT,-20.99,,C[C@H](NCC(=O)Nc1ccccc1-c1ccccc1)c1cn[nH]c1,-63.9,24.0
ZINC000560268239,1,1440,>10000,>10000,NT,88.63,,N#C[C@H]1CC[C@H](NCC(=O)Nc2ccc(I)cc2)C1,-63.9,19.0
ZINC000599310911,0,,,,NT,48.02,,CN1CCCC[C@H]1C(=O)NCCNc1ncc(Cl)cc1Cl,-63.9,21.0
ZINC000068920681,0,,,,NT,43.72,,Cc1ccc(/C=C/C(=O)NCC(C)(C)N2CCOCC2)cc1,-63.89,22.0
ZINC000543431292,0,,,,NT,21.03,,CCC(C)(C)N[C@H](C)C(=O)NCc1cc2ccccc2o1,-63.87,21.0
ZINC000362128724,1,160,8610,6040,32190,85.83,,CN(CCNc1ncc(C#N)cc1Cl)Cc1ccc(F)cc1,-63.85,22.0
ZINC000112717206,0,,,,NT,55.90,,OC1(CNCc2ccc(-c3ccccc3)s2)CCOCC1,-63.83,21.0
ZINC000518842964,1,120,>10000,>10000,22140,99.88,,O[C@@H]1Cc2ccccc2[C@H]1NCc1cn2ccc(Br)cc2n1,-63.82,22.0
ZINC000271618372,0,,,,NT,21.48,,CC[C@@H]1CC[C@H](C)N1CC(=O)Nc1cc(-n2nnnc2C)ccc1F,-63.79,25.0
ZINC000162663443,0,,,,NT,0.29,,Cc1sc2nc(CN(C)[C@H]3CCSC3)[nH]c(=O)c2c1C,-63.77,20.0
ZINC000629994563,0,,,,NT,41.96,,COc1ccc(CNC(=O)CN(C)C2CCC2)c(OC)n1,-63.76,21.0
ZINC000423276506,0,,,,NT,17.11,,C[C@@H](NC(=O)[C@@H]1C[C@H](C)CCN1)c1noc(-c2ccc(Cl)cc2)n1,-63.74,24.0
ZINC000594232893,1,5530,>10000,>10000,NT,65.44,,CC(C)N1C[C@H](C)[C@H](NC(=O)N2Cc3ccc(C#N)cc3C2)C1,-63.7,23.0
ZINC000481348051,0,,,,NT,55.78,,CN(CC#Cc1ccccc1Cl)C[C@@H]1CCCC[C@H]1O,-63.69,20.0
ZINC000361363076,0,,,,NT,13.73,,CO[C@@H]1CCN([C@H](C)C(=O)Nc2ccc(SC)cc2)C1,-63.68,20.0
ZINC000162847633,0,,,,NT,28.36,,CCCC[C@@H](CN)NC(=O)c1c(C)nn(-c2ccccc2)c1Cl,-61.0,23.0
ZINC000278933042,1,270,>10000,>10000,40.5,91.76,,C=Cn1cc(CNC[C@@H](CO)Cc2ccccc2Br)cn1,-61.0,21.0
ZINC000300952679,0,,,,NT,54.54,,Cc1ccc(I)cc1NC(=O)CNC1CC1,-61.0,16.0
ZINC000349908169,0,,,,NT,23.55,,CC(C)N(C)C[C@H](C)NC(=O)Nc1ccc(F)cc1Br,-61.0,20.0
ZINC000355163361,0,,,,NT,18.48,,CCOC(=O)c1coc(CN(CCO)C2CCC(CC)CC2)c1,-61.0,23.0
ZINC000364862581,0,,,,NT,23.22,,Cc1csc(NC(=O)C2CCN([C@H]3CCC(C)(C)C3)CC2)n1,-61.0,22.0
ZINC000367568545,0,,,,NT,0.63,,Cn1nccc1[C@@H]1CCC[C@@H](NC[C@H](CO)c2cccnc2)C1,-61.0,23.0
ZINC000373209847,0,,,,NT,48.49,,Fc1cccc(Cl)c1CCCNCc1cccnc1-n1cncn1,-61.0,24.0
ZINC000424406638,0,,,,NT,20.49,,CCCc1cc(N2C[C@@H](c3cnn(C)c3)[C@H](N)C2)n2ncnc2n1,-61.0,24.0
ZINC000449156693,1,760,>10000,>10000,ND,83.12,,CCC(CC)[C@@H](O)CNCc1cnc(-c2ccccc2F)s1,-61.0,22.0
ZINC000484629121,1,2630,>10000,>10000,NT,53.77,,CS[C@H]1CN(CC#Cc2ccccc2Cl)C[C@@H]1N1CCCC1,-61.0,22.0
ZINC000569143155,0,,,,NT,60.60,,COC(=O)c1cccc(CN2CC[C@]3(CC[C@@H](C)C3)C2)c1C#N,-61.0,23.0
ZINC000581277232,0,,,,NT,2.37,,COC(=O)c1occc1CNC[C@H](CO)c1ccccc1Cl,-61.0,22.0
ZINC000602819835,0,,,,NT,60.80,,CCOC(=O)c1ncc(CN2CCCC[C@@H]2C[C@H](C)O)s1,-61.0,21.0
ZINC000644617010,0,,,,NT,36.93,,C[C@H](NC[C@H](O)Cc1cccc(Cl)c1)[C@@H]1CCCCO1,-61.0,20.0
ZINC000672709877,0,,,,NT,0.46,,CN(C)C[C@H](NC(=O)NCCCn1cncn1)c1ccc(F)cc1,-61.0,24.0
ZINC000599506959,0,,,,NT,20.83,,CCOC(=O)C[C@H](O)CN1C[C@@H](O)[C@H](Oc2cnn(C)c2)C1,-61.0,22.0
ZINC000102930897,0,,,,NT,-0.55,,CCc1ccc(CNC(=O)CN2CCCC2(C)C)s1,-60.99,19.0
ZINC000248909028,0,,,,NT,9.23,,O=C(NC[C@@H](c1cccc(Cl)c1)N1CCCC1)NC[C@@H]1CC[C@@H](O)C1,-60.99,25.0
ZINC000340892636,0,,,,NT,44.29,,c1cn(-c2ccccc2)c(CN=c2[nH]c3ccccc3[nH]2)n1,-60.99,22.0
ZINC000363554822,0,,,,NT,19.28,,O=C1C[C@H](Nc2ncnc3[nH]ccc32)CN1[C@@H]1C[C@H]1c1ccccc1,-60.99,25.0
ZINC000418270293,0,,,,NT,29.84,,CC(C)C[C@@H](CN)NC(=O)NC[C@H]1CSc2ccccc21,-60.99,21.0
ZINC000614859831,0,,,,NT,-6.53,,CN(C)C[C@@H](CO)NC(=O)Cc1coc2ccc3ccccc3c12,-60.99,24.0
ZINC000657498570,1,2430,>10000,>10000,NT,72.43,,CC[C@@H](C)C[C@@H](CO)NCc1cc2c(cccc2C)[nH]1,-60.99,20.0
ZINC000662049949,0,,,,NT,44.22,,OC[C@@H](NCC1(O)CCSCC1)c1cccc(Cl)c1Cl,-60.99,20.0
ZINC000663449223,0,,,,NT,36.33,,CCc1ccc([C@@H](CNC(=O)N[C@@H]2COC(C)(C)C2)N(C)C)cc1,-60.99,24.0
ZINC000294513981,1,3160,>10000,>10000,NT,58.55,,CS[C@@H]1CN(C[C@@H](O)c2cc3ccccc3o2)C[C@H]1N1CCCC1,-60.98,24.0
ZINC000329185772,0,,,,NT,-8.62,,C[C@H]1CC[C@H](C)N1CC(O)=Nc1c[nH]nc1-c1ccccc1,-60.98,22.0
ZINC000358506216,1,250,5880,6540,NT,91.45,,OC[C@H](Cc1ccc(F)cc1)NCc1ccn(-c2ccccc2)n1,-60.98,24.0
ZINC000451439685,0,,,,NT,-2.00,,CCOCCCNC(=O)[C@@H](C)N1CC[C@@](O)(C(F)F)C1,-60.98,20.0
ZINC000488408504,0,,,,NT,-5.43,,C[C@@H](CC1CCOCC1)N[C@@H](C(N)=O)c1cccc(Br)c1,-60.98,21.0
ZINC000492588861,0,,,,NT,39.55,,CCc1ccc(/C=C/C(=O)NC[C@@H](C)N2CCCC2)o1,-60.98,20.0
ZINC000514779500,0,,,,NT,15.28,,Cc1cccc(CNC(=O)NCC2(N3CCOCC3)CCOCC2)c1,-60.98,25.0
ZINC000520702665,0,,,,NT,-2.80,,O=C(NC[C@@H](c1ccccc1)N1CCCC1)N1CCC(CCO)CC1,-60.98,25.0
ZINC000535008050,1,3330,>10000,>10000,NT,63.96,,COc1nc2ccccc2cc1CNC[C@@H](C)Cn1ccnc1C,-60.98,24.0
ZINC000540595123,0,,,,NT,41.23,,CCOc1cccc2cc([C@@H](C)NCC3(O)CCCCC3)oc21,-60.98,23.0
ZINC000567992445,1,850,>10000,>10000,4820,66.81,,CCC[C@H](C)[C@H](CO)NCCc1nc(-c2ccc(Cl)cc2)no1,-60.98,23.0
ZINC000630510616,0,,,,NT,69.54,,C[C@H]1CCCN(c2nccc(N3Cc4ccccc4C3)n2)[C@@H]1CN,-60.98,24.0
ZINC000163793821,0,,,,NT,41.23,,CC[C@@H](N[C@H](C)c1ccc(-c2ccccc2)o1)c1ccncc1,-58.0,23.0
ZINC000180191350,0,,,,NT,-11.07,,Cc1cccc(-c2[nH]ncc2CN2CC[C@@](C)(O)C2)c1,-58.0,20.0
ZINC000237938360,1,180,5720,1070,NT,94.14,,Cc1cccc(CCNCc2ccn(-c3ccccc3)n2)c1,-58.0,22.0
ZINC000280937772,0,,,,NT,-0.01,,COc1cc(NC(=O)C(=O)N2CC[C@@H]3CCN(C)C[C@@H]32)c(C)cc1C,-58.0,25.0
ZINC000281183080,0,,,,NT,-13.73,,CN(C)CC1(NC(=O)CCn2c3ccccc3n(C)c2=O)CCC1,-58.0,24.0
ZINC000331563561,0,,,,NT,-11.14,,Cc1nc(CNC(=O)C(=O)N2C[C@@H]3CCC[C@H](N)[C@@H]3C2)sc1C,-58.0,23.0
ZINC000346659834,0,,,,NT,8.52,,COCCN(C)c1ccc(CN=c2[nH]c3ccccc3[nH]2)cn1,-58.0,23.0
ZINC000348254305,0,,,,NT,25.64,,C[C@@H](Cn1cccn1)NC[C@@](C)(CO)c1ccccc1,-58.0,20.0
ZINC000363565214,0,,,,NT,-1.43,,CN(C(=O)CCc1nc(-c2ccc(F)cc2)no1)[C@H]1CCCN(C)C1,-58.0,25.0
ZINC000369112902,0,,,,NT,-18.13,,N[C@@H]1CN(C(=O)c2cnc(-c3ccncc3)s2)C[C@H]1c1ccccc1,-58.0,25.0
ZINC000370525145,0,,,,NT,7.15,,CC[C@H](C(N)=O)N1C[C@H](C(=O)OC)C2(CCC2)C1,-58.0,18.0
ZINC000370768181,0,,,,NT,28.26,,O=[N+]([O-])c1ccccc1/C=C/CN[C@@H]1CCCN(c2ccncn2)C1,-58.0,25.0
ZINC000375292554,0,,,,NT,11.72,,Fc1ccccc1-c1cnc(CN2CC[C@]3(C2)CCCOC3)o1,-58.0,23.0
ZINC000414865159,0,,,,NT,48.93,,CCNCc1ccccc1NCc1ccc(N2CCCC2)nc1,-58.0,23.0
ZINC000415558697,1,990,2000,5870,NT,89.00,,CCCC[C@H](CN)NC(=O)Nc1cnn(-c2ccc(C)cc2C)c1,-58.0,24.0
ZINC000422901222,0,,,,NT,-25.46,,CCCC[C@@H](CN)NC(=O)c1cnc2c(C)cccn2c1=O,-58.0,22.0
ZINC000428256950,0,,,,NT,28.19,,CN(CCc1cccs1)Cc1cccc(F)c1C#N,-58.0,19.0
ZINC000428731910,0,,,,NT,17.70,,C[C@]12CCN(C3c4ccccc4-c4ccccc43)C[C@H]1C2(F)F,-58.0,23.0
ZINC000443500799,0,,,,NT,69.23,,C[C@@H](COCc1ccccc1)N=c1[nH]c2cccc(F)c2n1C,-58.0,23.0
ZINC000447942180,0,,,,NT,-5.12,,Fc1ccccc1CCNCc1ccnn1-c1ccccc1,-58.0,22.0
ZINC000474810522,1,2790,>10000,>10000,NT,61.91,,C[C@@H](CN[C@@H](C)C1CCSCC1)Oc1cccc(Cl)c1,-58.0,20.0
ZINC000495880797,0,,,,NT,-11.11,,Cc1cncc([C@@H](C)N[C@@H](C)CCCNC(=O)OC(C)(C)C)c1,-58.0,23.0
ZINC000497056051,1,2220,>10000,>10000,NT,93.20,,C[C@@H]1CN(Cc2cccc3c[nH]nc32)C[C@H]1NC(=O)OC(C)(C)C,-58.0,24.0
ZINC000568745637,0,,,,NT,26.04,,CNCCCn1c(=O)oc2cc(Br)c(F)cc21,-58.0,17.0
ZINC000569686370,1,550,>10000,>10000,7840,104.16,,C=C(C)COCCNC[C@H](O)Cc1ccc(C(F)(F)F)cc1,-58.0,22.0
ZINC000570378223,0,,,,NT,74.78,,C[C@@H](NCCc1nc(O)c2ccccc2n1)c1ncc(Br)cn1,-58.0,23.0
ZINC000584136937,1,7740,>10000,>10000,NT,63.72,,COc1cncc(CN[C@H](c2ccc(Cl)cc2)C2CCC2)c1,-58.0,22.0
ZINC000601145950,0,,,,NT,5.50,,COC(=O)[C@H](C)NC(=O)[C@H](C)NCc1ccc(C)cc1Cl,-58.0,21.0
ZINC000638645623,0,,,,NT,13.30,,C[C@H]1CC[C@@H](NC(=O)CCc2cc(F)ccc2F)CN1,-58.0,20.0
ZINC000653191880,0,,,,NT,17.77,,CC(C)(C(=O)Nc1cc2c(nc1O)CCCC2)[C@@H](N)c1ccccc1,-58.0,25.0
ZINC000655940516,0,,,,NT,45.60,,Cn1cc([C@@H]2CN(CCC(C)(C)C3CC3)C[C@H]2N)cn1,-58.0,20.0
ZINC000663410642,0,,,,NT,14.47,,CCN(CCCNc1cc(C(F)(F)F)cc(C)n1)S(C)(=O)=O,-58.0,22.0
ZINC000423069736,0,,,,NT,36.82,,C[C@@H](CN[C@@H]1CCCCC[C@H]1N)Oc1ccc(Cl)cc1,-58.0,20.0
ZINC000119410297,0,,,,NT,-26.23,,N#Cc1ccc(OC[C@H](O)CN(C[C@@H]2CCCO2)[C@@H]2CCSC2)cc1,-57.99,25.0
ZINC000128472643,0,,,,NT,9.97,,CN(C[C@H](O)C(F)(F)F)CC1(O)CCOCC1,-57.99,17.0
ZINC000343185691,0,,,,NT,86.21,,Cn1ccc(CNCCCc2cccc(Cl)c2)c1,-57.99,18.0
ZINC000639320180,0,,,,NT,13.13,,COc1nsc(CNC[C@H](CO)CC2CC2)c1Br,-57.99,18.0
ZINC000092642352,1,820,>10000,>10000,ND,87.72,,C[C@@H]1CCCN(C(C)(C)CNc2nc(C3CC3)ns2)C1,-55.0,20.0
ZINC000127859549,1,260,>10000,3570,10390,101.34,,Cc1ccc(CNCCCn2cccn2)cc1Br,-55.0,18.0
ZINC000195335838,0,,,,NT,-5.69,,Fc1cccc(-c2nnn(CCCN3CCOCC3)n2)c1,-55.0,21.0
ZINC000264073851,1,1540,>10000,>10000,NT,76.76,,C=C(C)CN/C(N)=N/CCCCN(C)c1ccccc1,-55.0,20.0
ZINC000266211012,0,,,,NT,10.47,,CC[C@@H](C)NC(=O)CN1CCC[C@H](c2cc(C(N)=O)[nH]n2)C1,-55.0,22.0
ZINC000304063884,0,,,,NT,-2.84,,Cc1nc(CN(CCO)CCc2ccccc2)oc1C,-55.0,20.0
ZINC000308370895,0,,,,NT,-13.90,,CCOc1cccc(CN[C@@H]2C[C@@H](OC)C23CCC3)c1,-55.0,20.0
ZINC000331207634,0,,,,NT,-16.69,,CCN1CC[C@H](N(C)C(O)=Nc2cccc(C#N)c2C)C[C@@H]1C,-55.0,23.0
ZINC000339591161,0,,,,NT,-6.53,,C=CCCCNC(=O)C(=O)NCC1(N2CCCCC2)CCCCC1,-55.0,24.0
ZINC000341120539,0,,,,NT,39.42,,Cc1ccc(S(=O)(=O)CCCN2C[C@H](O)C[C@H]2C)cc1,-55.0,20.0
ZINC000341983064,0,,,,NT,2.61,,N#Cc1ccc(CN2CC[C@@]3(C2)CCCOC3)c(OC(F)F)c1,-55.0,23.0
ZINC000355023141,0,,,,NT,13.40,,COc1ccc2nc(CN[C@@H](CCCO)c3ccccc3)[nH]c2n1,-55.0,24.0
ZINC000355274455,0,,,,NT,45.40,,Oc1cccnc1CNCc1ccnn1-c1ccc(F)cc1,-55.0,22.0
ZINC000375831418,0,,,,NT,21.77,,Cc1ccc(C2CC(NC[C@H]3CCC[C@]34NC(=O)N(C)C4=O)C2)cc1,-55.0,25.0
ZINC000412996356,0,,,,NT,38.75,,COC(=O)c1ccc(-c2nnn(C[C@@H]3CCCCN3C(C)C)n2)cc1,-55.0,25.0
ZINC000413345277,0,,,,NT,30.27,,Cc1ccc2c(C)cc(=NCCc3cnc(C)cn3)[nH]c2c1,-55.0,22.0
ZINC000418149855,0,,,,NT,-17.33,,O=C(NCc1ccsc1Br)N1CC[C@H]2CC[C@@H](C1)N2,-55.0,19.0
ZINC000431486198,0,,,,NT,-15.54,,O=C(CN=c1cc[nH]cc1[N+](=O)[O-])NCCN1CCCCCC1,-55.0,23.0
ZINC000433083202,0,,,,NT,36.83,,C=CCN1CC[C@@H](N2CC[C@H](c3ccc(CC)cc3)C2)C1=O,-55.0,22.0
ZINC000449548054,1,6500,>10000,>10000,NT,68.93,,C=C[C@@H]1OCCC[C@H]1NCc1cc2c(cc1SC)OCCO2,-55.0,22.0
ZINC000493120809,0,,,,NT,35.35,,C[C@H](N)C1CCN(C(=O)/C=C/c2ccc(Br)o2)CC1,-55.0,19.0
ZINC000527764590,0,,,,NT,45.17,,Cn1cc2ccc(CNCc3ccccc3C3CC3)cc2n1,-55.0,22.0
ZINC000527829489,0,,,,NT,12.59,,CN(C)C(C)(C)CNc1ccc2nnc(-c3ccc(F)cc3)n2n1,-55.0,24.0
ZINC000566614319,1,1130,>10000,>10000,NT,82.58,,CN(C[C@@H]1CCCN1C)C(=O)c1ccc(-c2cc[nH]n2)s1,-55.0,21.0
ZINC000570982110,0,,,,NT,31.75,,Cc1ccc(-c2nc(C(=O)N3C[C@H](O)[C@@H](N(C)C)C3)cs2)n1C,-55.0,23.0
ZINC000573862850,0,,,,NT,5.84,,CC1(C)CCC(O)(CN[C@@H](c2nc[nH]n2)c2ccccc2)CC1,-55.0,23.0
ZINC000579130977,0,,,,NT,-3.98,,C[C@H](C(=O)N[C@H]1CCC[C@@H](CO)C1)N1CC(C)C1,-55.0,18.0
ZINC000584683200,1,3120,>10000,>10000,NT,71.15,,Cc1ccsc1CNC(=O)CN1CCCN2c3ccccc3C[C@H]2C1,-55.0,25.0
ZINC000595265041,0,,,,NT,17.33,,O=C(NCCc1ccc(Cl)cc1[N+](=O)[O-])NCC12CC(C1)CN2,-55.0,23.0
ZINC000601077976,0,,,,NT,3.52,,CN(C)CCSCc1cccc2c1CCOC2,-55.0,17.0
ZINC000614852669,0,,,,NT,-10.03,,CN(C)C[C@H](CO)NC(=O)c1cc2c(C(F)F)nn(C)c2s1,-55.0,22.0
ZINC000624097807,0,,,,NT,-3.31,,CN1C[C@H](C(=O)N[C@H]2COc3ccccc3C2)[C@@H](c2ccccc2)C1,-55.0,25.0
ZINC000631091675,0,,,,NT,2.57,,O=S1(=O)CCC[C@@H]1CNCc1cccc(Br)c1Cl,-55.0,18.0
ZINC000631979398,0,,,,NT,0.12,,C[C@@H](NC(=O)C1(c2nccc3ccccc32)CC1)[C@@H]1CN(C)CCO1,-55.0,25.0
ZINC000641759985,0,,,,NT,60.19,,C=CCC[C@H](CO)NCc1cccc(F)c1OCC(F)(F)F,-55.0,22.0
ZINC000662137220,0,,,,NT,23.08,,C[C@H]1CN(Cc2ncc(-c3ccc(F)cc3)o2)C[C@]1(C)CO,-55.0,22.0
ZINC000185593526,0,,,,NT,37.86,,N/C(=N\Cc1ncc(-c2ccccc2)cn1)N1CCCCC1,-55.0,22.0
ZINC000236835221,0,,,,NT,12.29,,CCCN(C(=O)c1cc(I)c[nH]1)C1CCNCC1,-55.0,18.0
ZINC000449583914,0,,,,NT,4.23,,Cn1nccc1[C@@H]1C[C@@H](N[C@H]2CSCCc3ccccc32)CCO1,-55.0,24.0
ZINC000486647484,0,,,,NT,-19.17,,O=C(N=c1[nH][nH]c2c1cccc2Cl)C(=O)Nc1ccc(Cl)c(F)c1,-55.0,24.0
ZINC000029620765,0,,,,NT,-9.29,,Cc1cn2nc(NCC3(N4CCSCC4)CCCC3)sc2n1,-52.0,22.0
ZINC000127166269,1,6190,>10000,>10000,NT,60.93,,CCOc1ccc(-c2nc(CNC3(C(N)=O)CCCCC3)co2)cc1,-52.0,25.0
ZINC000178717602,0,,,,NT,-16.01,,CN(C)C[C@](C)(O)CNC(=O)c1ccc(-n2cnnn2)cc1,-52.0,22.0
ZINC000258864497,0,,,,NT,-7.64,,OC1CCC(NCCc2cc(Br)ccc2F)CC1,-52.0,18.0
ZINC000262089856,0,,,,NT,24.32,,C[C@H](Cc1ccc(Cl)cc1)N(C)CCC(=O)N1CCNCC1,-52.0,22.0
ZINC000293752557,0,,,,NT,44.90,,COc1ccsc1CN1CCCNC(=O)[C@H]1Cc1ccccc1,-52.0,23.0
ZINC000302129330,0,,,,NT,-3.01,,C[C@H](CCNc1ccc(C(=O)Nc2nncs2)cn1)N1CCCCC1,-52.0,25.0
ZINC000329284591,0,,,,NT,5.47,,CN1CCCC[C@H]1CCC(O)=Nc1n[nH]c(C2CC2)c1C#N,-52.0,22.0
ZINC000329926945,0,,,,NT,-19.21,,COc1nc(N2C[C@H]3OCCN(C)[C@H]3C2)ncc1Br,-52.0,19.0
ZINC000352070883,0,,,,NT,26.58,,CC(C)[C@@H]1C[C@@H](NCc2ccc(OC(C)(C)C)nc2)CCO1,-52.0,22.0
ZINC000356154072,0,,,,NT,-2.64,,Cn1c(NC(=O)c2cncc(-c3ccccc3)c2)nc2cccnc21,-52.0,25.0
ZINC000358022333,0,,,,NT,-7.81,,CCc1nc(C)c([C@H](C)NCc2ccc(OCCO)cc2)s1,-52.0,22.0
ZINC000358362485,0,,,,NT,-18.30,,COc1ccc([C@H](C)[C@H](C)NCCc2ncc(C)cn2)cc1,-52.0,22.0
ZINC000365552749,0,,,,NT,-3.85,,Cn1ccnc1[C@@H]1CCCN(c2nc3ccccn3c2C#N)C1,-52.0,23.0
ZINC000379812577,0,,,,NT,41.50,,CC[C@H](N[C@@H]1[C@H]2CN(C(=O)OC(C)(C)C)C[C@H]21)c1ccc(F)cn1,-52.0,24.0
ZINC000413570733,1,130,>10000,>10000, IC50 = 5930,103.62,,CCOC(=O)c1sc2[nH]cnc(=N[C@H]3CCN(CC)C3)c2c1C,-52.0,23.0
ZINC000414969678,0,,,,NT,73.94,,Cc1cc(N)cc(CNCc2cnc(C(C)C)s2)c1,-52.0,19.0
ZINC000417307784,0,,,,NT,48.16,,C=C(C)CN1CCC(N[C@@H](C)[C@@H]2C[C@H]2c2cccs2)CC1,-52.0,21.0
ZINC000421386220,0,,,,NT,10.44,,Cc1c(Cl)c(CN[C@@](C)(Cc2ccccc2)C2CC2)nn1C,-52.0,22.0
ZINC000430013018,0,,,,NT,-6.10,,C[C@@H]1c2cc(Cl)c(Cl)cc2CCN1C(=O)C(=O)Nc1cnns1,-52.0,23.0
ZINC000464372572,0,,,,NT,10.04,,CCC1(CC)CN(C(=O)NC[C@@H]2CCN(C3CC3)C2)CCS1,-52.0,22.0
ZINC000513023623,0,,,,NT,8.32,,C[C@H]1[C@@H](Nc2cc(C#N)ccc2C(F)(F)F)CCCN1C,-52.0,21.0
ZINC000531646303,0,,,,NT,32.29,,CC(C)(O)CN(CC(=O)NCCCC1CCCCC1)C1CCOCC1,-52.0,25.0
ZINC000544927312,0,,,,NT,0.29,,Cc1ccc(COc2ccc(CN(C)C3CC(O)C3)cc2)cc1,-52.0,23.0
ZINC000553796500,0,,,,NT,0.76,,Cc1cccnc1NCc1cccc(OC(F)(F)F)c1,-52.0,20.0
ZINC000554523385,0,,,,NT,57.23,,CN1CC=C(CN=c2ccc(C(F)(F)F)c(C#N)[nH]2)CC1,-52.0,21.0
ZINC000567909695,0,,,,NT,5.37,,NCC1(C(=O)NCc2ccn(C3CCCC3)n2)CCOCC1,-52.0,22.0
ZINC000582419074,0,,,,NT,-13.53,,C[C@@H]1NCC[C@@H]1C(=O)N[C@@H](C(N)=O)c1ccc(F)cc1,-52.0,20.0
ZINC000623870425,0,,,,NT,-13.19,,Cc1ccc(CN(c2nc(=N)[nH]c(=N)[nH]2)C2CC2)o1,-52.0,19.0
ZINC000635912552,0,,,,NT,-9.66,,CO[C@H]1C[C@@H](CN(C)C(=O)[C@@H]2C[C@H]2c2cnc[nH]2)N(C)C1,-52.0,21.0
ZINC000639049217,0,,,,NT,55.86,,CN1CC[C@](O)(CNC2CC(n3cccn3)C2)C1,-52.0,18.0
ZINC000643339461,0,,,,NT,-8.96,,CCCc1[nH]ccc1C(=O)N[C@@H]1CN(C)Cc2ccccc21,-52.0,22.0
ZINC000644167129,0,,,,NT,-41.36,,C[C@@]1(Cc2ccc3c(c2)OCO3)NC(=O)N(CC[C@@H]2CCNC2)C1=O,-52.0,25.0
ZINC000649878035,0,,,,NT,16.26,,OCc1cn([C@@H]2CCN(Cc3cc4c(c(Cl)c3)OCO4)C2)nn1,-52.0,23.0
ZINC000653059646,0,,,,NT,-20.05,,O=C(NCc1nc2ccccc2s1)[C@@H]1CNC[C@H]1C(F)(F)F,-52.0,22.0
ZINC000664061503,0,,,,NT,2.98,,Cc1cc(C(F)(F)F)cc(N2CCN(CCN(C)C)C(=O)C2)n1,-52.0,23.0
ZINC000671004566,0,,,,NT,-4.65,,CCN1C[C@H](C)[C@H](NC(=O)C(=O)N[C@@H](C)c2ccc(C)c(C)c2)C1,-52.0,24.0
ZINC000425369559,1,2200,>10000,>10000,NT,82.48,,CC[C@H]1C[C@H](CNCC(=O)Nc2ccc(C)cc2Cl)CCO1,-52.0,22.0
ZINC000065828678,0,,,,NT,31.89,,C[C@H](NC(=O)Nc1ccc2c(c1)C(=O)NC2=O)c1ccc(C#N)cc1,-49.0,25.0
ZINC000068812227,1,4580,>10000,>10000,NT,77.61,,Cc1cc(C)n(CCN2CCC(c3nc(C)no3)CC2)n1,-49.0,21.0
ZINC000158996642,0,,,,NT,7.25,,Oc1nc2ccccc2cc1CNc1nncn1Cc1ccccc1,-49.0,25.0
ZINC000194813541,0,,,,NT,56.83,,O=C(Nc1n[nH]c2ccc([N+](=O)[O-])cc21)C1CCN(C2CC2)CC1,-49.0,24.0
ZINC000261774985,0,,,,NT,-3.71,,NC1(c2noc(-c3ccc(-c4nc(C5CC5)n[nH]4)cc3)n2)CCCC1,-49.0,25.0
ZINC000275789317,0,,,,NT,-27.28,,Cn1cc(-c2n[nH]cc2C(=O)N2CCN3CCC[C@H]3C2)cn1,-49.0,22.0
ZINC000328920464,0,,,,NT,-48.89,,C[C@H](C/N=C(/O)[C@@H]1CCCN(C(=O)C2CC2)C1)CN1CCCC1,-49.0,23.0
ZINC000329536951,0,,,,NT,-24.25,,Cc1cnn([C@@H]2CCN(/C(O)=N/C[C@@H]3CCCCN3C3CC3)C2)c1,-49.0,24.0
ZINC000338210230,0,,,,NT,-14.20,,Cc1noc(C)c1[C@@H](C)CC(=O)N1CCCN(C(C)C)CC1,-49.0,22.0
ZINC000341188110,0,,,,NT,20.96,,Cc1oc2ncnc(NC(=O)c3ccc4cncn4c3)c2c1C,-49.0,23.0
ZINC000362031643,0,,,,NT,18.64,,CCn1ccnc(N2CCC[C@H](C(=O)N3CCN(C)CC3)C2)c1=O,-49.0,24.0
ZINC000364457637,0,,,,NT,-4.22,,OC1(CN2CCOCC2)CCN(CCO[C@@H]2CCCCO2)CC1,-49.0,23.0
ZINC000367129355,0,,,,NT,30.48,,CC(C)c1nccc(=NC[C@@H]2CN3CCCC[C@H]3CO2)[nH]1,-49.0,21.0
ZINC000413153770,0,,,,NT,41.97,,C[C@H](CNc1ccc([N+](=O)[O-])c2ncccc12)CN1CCOCC1,-49.0,24.0
ZINC000418958962,1,5440,>10000,>10000,NT,73.17,,CN1CCC[C@@]2(CCN(c3ncc(F)c(-c4ccsc4)n3)C2)C1,-49.0,23.0
ZINC000420401643,0,,,,NT,31.96,,O=[N+]([O-])c1ccccc1OCCN1CCCC[C@H]1[C@@H]1CCNC1,-49.0,23.0
ZINC000421783101,0,,,,NT,-5.69,,O=C(N1CC[C@@H]2[C@@H](CCCN2C2CC2)C1)C1(Oc2ccccc2)CC1,-49.0,25.0
ZINC000437567142,0,,,,NT,-23.44,,Cc1cc(O)cc(=O)n1CCC(=O)N[C@H](c1ccc(Cl)cc1)C1CC1,-49.0,25.0
ZINC000439617604,0,,,,NT,20.16,,O=C(NCc1ccc(Cn2ccnc2)cc1)Nc1cncc(F)c1,-49.0,24.0
ZINC000457751519,0,,,,NT,-18.17,,CC(C)N1CC(NC(=O)C2(c3ccc(Cl)cc3)CCOCC2)C1,-49.0,23.0
ZINC000459762949,0,,,,NT,13.67,,O=S(=O)(CCNC1(C2CCC2)CCC1)c1ccc(F)cc1,-49.0,21.0
ZINC000479933259,0,,,,NT,3.62,,Clc1ccc2nc(Cn3nnnc3/C=C/c3ccccc3)cn2c1,-49.0,24.0
ZINC000518341321,0,,,,NT,18.24,,O=C(Nc1ccc(Cl)cc1Cl)C(=O)N1CCC2(CCNCC2)CC1,-49.0,24.0
ZINC000526947641,0,,,,NT,-5.46,,CCC[C@H](NCc1nnc(C)s1)c1ccsc1,-49.0,17.0
ZINC000564099295,0,,,,NT,63.55,,CCC(CC)N=c1cc[nH]cc1NC(=O)[C@@H]1CCc2cnc(C)n2C1,-49.0,25.0
ZINC000567487612,0,,,,NT,8.46,,O=C1Nc2ccccc2S[C@@H]1CCSCCN1CCOCC1,-49.0,22.0
ZINC000583694740,0,,,,NT,18.07,,O=C(NCCCNC1CC1)c1nn(-c2ccccc2F)c2c1CCC2,-49.0,25.0
ZINC000593213951,0,,,,NT,-15.11,,Cc1cc(C)c(C)c(OCCC(=O)N2CCC[C@H]2[C@@H]2CCCN2C)c1,-49.0,25.0
ZINC000619010813,0,,,,NT,-3.41,,Cc1cccn2c(NC(=O)[C@H](NC(=O)c3ccco3)C(C)C)cnc12,-49.0,25.0
ZINC000622835444,0,,,,NT,5.16,,CCN1C[C@@H](C)N(C(=O)[C@@H]2OCCO[C@@H]2c2ccccc2)C[C@H]1C,-49.0,24.0
ZINC000624591648,0,,,,NT,-28.52,,O=C(c1ccn(C2CCOCC2)n1)N1CCC(N2CCCCC2)CC1,-49.0,25.0
ZINC000638425397,0,,,,NT,49.30,,N=c1[nH]cc(CNCCc2ccc(Br)s2)c(=N)[nH]1,-49.0,18.0
ZINC000662805644,0,,,,NT,-29.56,,O=C(N[C@@H]1[C@@H]2CCO[C@H]2C12CCC2)[C@@]1(O)CCCNC1,-49.0,20.0
ZINC000662808424,0,,,,NT,-18.27,,CCO[C@@H]1C[C@H](NC(=O)C2(NC3CC3)CCC2)[C@H]1OC,-49.0,20.0
ZINC000540834248,0,,,,NT,8.24,,C[C@@H]1CN(C)CC[C@H]1Nc1ccc(-n2ccnc2)c(Cl)c1,-49.0,21.0
ZINC000562747285,0,,,,NT,20.04,,O=C(CN1C(=O)[C@@H]2CCCC[C@H]2C1=O)Nc1cnc2n1CCCC2,-49.0,24.0
ZINC000012721827,0,,,,NT,-27.68,,COc1ccc(-n2nnnc2SCc2nc(N)nc(N(C)C)n2)cc1,-46.0,25.0
ZINC000025029722,0,,,,NT,-26.44,,O=C(COc1ccc(Cl)cc1[N+](=O)[O-])N1CC(=O)Nc2ccccc21,-46.0,25.0
ZINC000109059752,0,,,,NT,-12.05,,O=C(CCc1ccc(Cl)cc1)NCCc1nnc(S)n1C1CC1,-46.0,23.0
ZINC000178015194,0,,,,NT,-25.83,,C[C@@H](NC(=O)c1cc(N)nc(Cl)c1)c1ccccc1-n1cccn1,-46.0,24.0
ZINC000191219561,0,,,,NT,-17.06,,Cn1cc([C@@H]2CSCCN2CC(=O)Nc2sccc2C#N)cn1,-46.0,23.0
ZINC000288233772,0,,,,NT,22.54,,O=C1N[C@@H](Cc2c[nH]cn2)C(=O)N1[C@@H]1C[C@@H]1c1cccc(F)c1,-46.0,23.0
ZINC000288401156,0,,,,NT,2.81,,CCc1nc(C)cc(NCCCO[C@H]2CCCCO2)n1,-46.0,20.0
ZINC000290098055,0,,,,NT,-5.43,,C=CCN(Cc1cnc(C2OCCO2)s1)CC1CCCCC1,-46.0,22.0
ZINC000330466221,0,,,,NT,-9.56,,CCN1CCC[C@H](/N=C(/O)N[C@@H](CO)c2cnn(C)c2)C1,-46.0,21.0
ZINC000335828118,0,,,,NT,9.50,,NCc1cc(C(=O)N[C@H]2CC23CCCCC3)ccn1,-46.0,19.0
ZINC000353089187,0,,,,NT,19.48,,CCc1nc(CNCCc2cc(C)no2)cs1,-46.0,17.0
ZINC000354027637,0,,,,NT,-32.39,,COc1cc(NC(=O)C(=O)N(C)CCN(C)c2ccccc2)ccn1,-46.0,25.0
ZINC000358064563,0,,,,NT,-6.64,,CN1CC[C@@](O)(CNC(=O)[C@H](c2ccccc2)N2CCCCC2=O)C1,-46.0,25.0
ZINC000381888974,0,,,,NT,2.78,,Cc1n[nH]cc1CCCN[C@@H](C)[C@@H]1CC2CCC1CC2,-46.0,20.0
ZINC000416287750,0,,,,NT,-13.59,,C[C@H]1CCCCN1CCC(=O)N[C@H]1C[C@@](C)(O)C1,-46.0,18.0
ZINC000440607995,0,,,,NT,1.13,,C[C@@H](NC(=O)c1cn(C)c(=O)nc1O)c1ccc(-n2cccn2)cc1,-46.0,25.0
ZINC000452390760,0,,,,NT,-6.50,,Cc1sc(=O)n(CCC(=O)NCC(C)(C)c2ccccn2)c1C,-46.0,23.0
ZINC000459339191,0,,,,NT,-7.75,,CC[C@H](C)[C@H](C)N(Cc1cc(O)nc(C2CC2)n1)C1CC1,-46.0,21.0
ZINC000493064872,0,,,,NT,44.83,,Cc1cccc(-c2cccc(CNC(=O)/C=C/[C@H]3CCOC3)c2)c1,-46.0,24.0
ZINC000507247410,0,,,,NT,23.55,,Cc1sccc1CN1CCC(C(=O)N2CCC(C(N)=O)CC2)CC1,-46.0,24.0
ZINC000524698687,0,,,,NT,8.63,,CCN(C)C[C@H]1CCN(C(=O)COC[C@H]2CCCO2)C1,-46.0,20.0
ZINC000563099383,0,,,,NT,20.19,,Cc1cnc([C@@H](NC[C@H]2CCCNC2=O)C2CC2)s1,-46.0,19.0
ZINC000566689089,0,,,,NT,-18.94,,O=C(NCCCCn1cc(Br)cn1)C(=O)N[C@H]1CCNC1,-46.0,21.0
ZINC000616305793,0,,,,NT,-3.34,,CCN1CC[C@@H](NC(=O)C2(n3cnnn3)CCOCC2)C1,-46.0,21.0
ZINC000620168554,0,,,,NT,7.11,,CN(CC(=O)N1CCN(C)CC1)C(=O)CSc1nncs1,-46.0,21.0
ZINC000630510987,0,,,,NT,-27.21,,c1c(C2CCC2)nn2ccnc(N3CC[C@@]4(CCNC4)C3)c12,-46.0,22.0
ZINC000632062321,0,,,,NT,-18.23,,Cc1cc(S(=O)(=O)NC2CCN(C3CCCCC3)CC2)sn1,-46.0,22.0
ZINC000638189401,0,,,,NT,20.46,,CC(C)(CNc1ccc(NC(=O)c2ccco2)cc1)N1CCOCC1,-46.0,25.0
ZINC000639348242,0,,,,NT,93.07,,CC1(C)OC[C@H]2C[C@]21NCc1cnc2[nH]cncc1-2,-46.0,19.0
ZINC000644245640,0,,,,NT,17.27,,CO[C@H]1COC[C@H]1S(=O)(=O)N[C@@H]1CN(C2CC2)C[C@@H]1C,-46.0,20.0
ZINC000647173016,1,8280,>10000,>10000,NT,55.18,,COc1ncncc1CNCCO[C@@H]1CCCC[C@H]1C,-46.0,20.0
ZINC000652609636,0,,,,NT,9.40,,NCC1(CCNC(=O)N=c2ccnc(OCC(F)(F)F)[nH]2)CC1,-46.0,23.0
ZINC000655445078,0,,,,NT,-12.69,,C[C@H](Cn1ccnc1)NC(=O)[C@@H]1C[C@@]12CCCNC2,-46.0,19.0
ZINC000657300720,0,,,,NT,16.46,,Cn1nc(C(F)(F)F)cc1CNCCCn1cncn1,-46.0,20.0
ZINC000659991983,0,,,,NT,-1.36,,CCN1CC[C@H]2CC[C@@H](C1)N2CCN1C[C@@H](C)O[C@@H](C)C1,-46.0,21.0
ZINC000064657791,0,,,,NT,-13.19,,Cn1c(CSc2nnc(N3CCCC3)s2)cc(=O)n(C)c1=O,-43.0,22.0
ZINC000076693592,0,,,,NT,-12.25,,CC[C@@H]1CN(C(=O)C(=O)Nc2cccc(-c3ncon3)c2)CCS1,-43.0,24.0
ZINC000084373504,0,,,,NT,7.85,,O=C(Cc1n[nH]c2ccccc21)N(CC1CCC1)c1ccccc1,-43.0,24.0
ZINC000090417165,0,,,,NT,-30.60,,Cc1n[nH]c2ncc(NC(=O)CSc3nccn3C(C)(C)C)cc12,-43.0,24.0
ZINC000115942017,0,,,,NT,-12.25,,O=C(NC[C@@H]1Cc2ccccc2O1)c1[nH]nc(C2CC2)c1Br,-43.0,22.0
ZINC000119413870,0,,,,NT,-13.90,,O=C(c1csc(-c2nnc[nH]2)n1)N1CCc2c(cccc2[N+](=O)[O-])C1,-43.0,25.0
ZINC000126435005,0,,,,NT,0.46,,CN(C)c1ncncc1NC(=O)CCc1nc(-c2cccs2)no1,-43.0,24.0
ZINC000135482689,0,,,,NT,-4.52,,Cc1nc(C#N)c(C#N)n1CCc1cc(Cl)c2c(c1)OCCCO2,-43.0,24.0
ZINC000159177186,0,,,,NT,-0.58,,CCc1nc(CN2CCCc3cc(F)cc(C)c32)n[nH]1,-43.0,20.0
ZINC000182328656,0,,,,NT,-19.38,,CCCc1c(Nc2ccc(C#N)nn2)cnn1-c1cccc(F)c1,-43.0,24.0
ZINC000192454118,0,,,,NT,-18.94,,Cc1cc(OCC(=O)N[C@@]2(C)CCS(=O)(=O)C2)cc(C)c1Cl,-43.0,22.0
ZINC000281475093,0,,,,NT,-19.61,,CC[C@H](C)c1nc([C@H](C)NC(=O)[C@@H]2CCc3cc(C)ccc3O2)n[nH]1,-43.0,25.0
ZINC000329010820,0,,,,NT,-18.40,,CC1(/N=C(/O)[C@@H]2CCc3nncn3C2)Cc2ccccc2C1,-43.0,22.0
ZINC000329485257,0,,,,NT,24.69,,CC(C)C[C@@H](C/N=C(/O)Nc1cccc2c1OCO2)N1CCOCC1,-43.0,25.0
ZINC000329730178,0,,,,NT,-13.39,,C[C@]1(NC(O)=Nc2ccn3ccnc3c2)CCCOC1,-43.0,20.0
ZINC000330201739,0,,,,NT,-7.95,,C[C@H]1OCC[C@H]1N/C(O)=N/C[C@H]1SCCc2ccccc21,-43.0,21.0
ZINC000342540996,0,,,,NT,-5.93,,NC(=O)CCn1ccc(=NC(=O)c2ccc3c(c2)CCC=C3)[nH]1,-43.0,23.0
ZINC000356040370,0,,,,NT,34.44,,O=[N+]([O-])c1c[nH]c(-c2nc(-c3ccnc(N4CCOCC4)c3)no2)c1,-43.0,25.0
ZINC000367889194,0,,,,NT,-10.77,,N#Cc1cnn(C(=O)c2ccnc(-c3ccc(Cl)cc3)n2)c1N,-43.0,23.0
ZINC000369237090,0,,,,NT,4.49,,Cn1cnc2c1CCN(c1nnc(-c3ccccc3)s1)C2,-43.0,21.0
ZINC000423993342,0,,,,NT,8.79,,O=C(Cn1cc(Br)cn1)N1CCNC[C@H]1c1ccccc1,-43.0,21.0
ZINC000444256497,0,,,,NT,-0.79,,Nc1ncnc2c1ncn2CC(=O)NCc1ccc2c(c1)CNC2,-43.0,24.0
ZINC000451272531,0,,,,NT,-1.80,,CC(=O)c1cn(CC(=O)N2CCC=Cc3ccccc32)nn1,-43.0,22.0
ZINC000459733119,0,,,,NT,28.43,,CN1CCC[C@H](CCN[C@H]2CC[C@H]2C2CCC2)C1,-43.0,18.0
ZINC000497236705,0,,,,NT,-4.18,,CC(C)(C)OC(=O)N1CC2(CC(N[C@@H]3CCCc4c[nH]nc43)C2)C1,-43.0,24.0
ZINC000546930762,0,,,,NT,-18.67,,CC[C@@H]1CN(Cc2nc3ccc(OC)nc3[nH]2)C[C@H]1N1CCOCC1,-43.0,25.0
ZINC000548008896,0,,,,NT,0.66,,Cn1cc([C@H]2OCCC[C@@H]2NS(=O)(=O)CCCN2CCOCC2)cn1,-43.0,25.0
ZINC000559417747,0,,,,NT,41.64,,Cn1ccc2ccc(NCc3nnnn3C3CCOCC3)cc21,-43.0,23.0
ZINC000569270050,0,,,,NT,5.84,,Cn1cc(CCOc2cnc3ccc(Br)cc3c2)cn1,-43.0,20.0
ZINC000596018639,0,,,,NT,8.39,,Cc1noc(CSc2nnc(N3CCOCC3)n2C)c1[N+](=O)[O-],-43.0,23.0
ZINC000596664063,0,,,,NT,54.85,,Cc1nn(C)c2ncc(CNc3cnn(-c4ccncc4)c3)cc12,-43.0,24.0
ZINC000613544672,0,,,,NT,-18.37,,Cn1ncc(C2CCC2)c1C(=O)N1CCN(c2ccccc2)C(=O)C1,-43.0,25.0
ZINC000665695037,0,,,,NT,-25.16,,Cc1cc(NC(=O)C2CCN(c3cc(NC4CC4)ncn3)CC2)no1,-43.0,25.0
ZINC000287623857,0,,,,NT,19.96,,CN1CCN(C(=O)CCn2ccnc2)c2ccc(Br)cc21,-43.0,21.0
ZINC000528659633,0,,,,NT,-2.53,,Cc1ccc(-c2nn(C)cc2C(=O)N2c3ccccc3C[C@@H]2CN)o1,-43.0,25.0
ZINC000594648986,0,,,,NT,14.20,,O=[N+]([O-])c1ccc(-n2cc(C[C@@]3(O)CCSC3)nn2)nc1,-43.0,21.0
ZINC000053340688,0,,,,NT,6.24,,C[C@@H](c1cc2ccccc2o1)N(C)C(=O)CSc1nnc(N)s1,-40.0,23.0
ZINC000056767086,0,,,,NT,-14.00,,Cc1c([C@@H](C)NC(=O)Nc2ccc(N3CCOC3=O)cc2)cnn1C,-40.0,25.0
ZINC000057771570,0,,,,NT,-4.99,,O=c1[nH]c(-c2cnn(-c3cccc(Cl)c3)c2)nc2ccccc12,-40.0,23.0
ZINC000103161985,0,,,,NT,-37.60,,O=C(c1ccc(OS(=O)(=O)c2ccc(Cl)s2)cc1)N1CCCC1,-40.0,23.0
ZINC000195441479,0,,,,NT,24.09,,CCn1ncnc1CSC1=Nc2ccccc2C1,-40.0,18.0
ZINC000269099581,0,,,,NT,7.38,,Cc1cn2nc(NCCn3cc([N+](=O)[O-])cn3)sc2n1,-40.0,20.0
ZINC000293687518,0,,,,NT,-2.60,,O=C1NCCCN(C[C@@H]2CCC=CO2)[C@@H]1Cc1ccccc1,-40.0,22.0
ZINC000301077012,0,,,,NT,-4.05,,N#Cc1ccc(N2CCC(Nc3ncnc4nc[nH]c43)CC2)cc1,-40.0,24.0
ZINC000328820289,0,,,,NT,0.66,,OC(=Nc1cccc(OC[C@@H]2CCCO2)c1)N[C@@H]1CCO[C@H]1C1CC1,-40.0,25.0
ZINC000329095325,0,,,,NT,-23.65,,O=C(NC/C(O)=N/C[C@H]1CS(=O)(=O)CCO1)c1ccc2c(c1)CCC2,-40.0,25.0
ZINC000329302218,0,,,,NT,36.16,,COc1ncc(CSc2nnc(C3CCC3)n2C)c(C)n1,-40.0,21.0
ZINC000333727893,0,,,,NT,3.68,,O=C(COc1ccsc1Cl)N1CCN([C@H]2CCNC(=O)CC2)CC1,-40.0,24.0
ZINC000335841258,0,,,,NT,-0.85,,COC1CCN(C(=O)N2CC[C@H]3CC[C@@H](C2)N3C)CC1,-40.0,20.0
ZINC000340055039,0,,,,NT,3.75,,N#Cc1ccc(OCCn2cnc(-c3nccs3)n2)cc1,-40.0,21.0
ZINC000353157423,0,,,,NT,-8.82,,CN(C)C1(CNC(=O)N[C@H]2CC(=O)N(C)C2)CCOCC1,-40.0,21.0
ZINC000353283206,0,,,,NT,19.92,,CN(C)c1cccnc1CNC(=O)Nc1cccc(-c2ncco2)c1,-40.0,25.0
ZINC000362905868,0,,,,NT,24.63,,O=C(N=c1[nH][nH]c2c1cccc2Cl)C1(c2cccnc2)CCCC1,-40.0,24.0
ZINC000364803807,0,,,,NT,-9.02,,CN(CC(=O)N1CCC[C@@]2(CNC(=O)O2)C1)c1ncnc2[nH]cnc21,-40.0,25.0
ZINC000371594592,0,,,,NT,-12.75,,O=C(c1ccccc1N1CCOCC1)N1CC=C(c2ccccc2)C1,-40.0,25.0
ZINC000408454402,0,,,,NT,1.43,,O=C(N[C@@H]1CCc2c1ccc(Cl)c2Cl)N1CC(=O)N(C2CC2)C1,-40.0,23.0
ZINC000440899623,0,,,,NT,-12.96,,CC(=O)c1c[nH]ccc1=NC(=O)c1ccc(-c2csc(C)n2)cc1,-40.0,24.0
ZINC000442838678,0,,,,NT,21.94,,CCOC(=O)c1cc(S(=O)(=O)Nc2ccc3ccoc3c2)cn1C,-40.0,24.0
ZINC000462877234,0,,,,NT,56.93,,Cc1nn(C)c2cc(NC/C=C/c3ccc(F)cc3F)ccc12,-40.0,23.0
ZINC000500766833,0,,,,NT,9.94,,N#CC1(CSc2nc3ccccc3n2-c2ccccc2)CC1,-40.0,22.0
ZINC000505420543,0,,,,NT,12.16,,Cc1nccc(-c2cccc(NC(=O)c3occ4c3CCC4)c2)n1,-40.0,24.0
ZINC000516013415,0,,,,NT,-5.56,,C[C@@H](C1CC1)N(C)C(=O)C(=O)Nc1cccc(N2CCNC2=O)c1,-40.0,24.0
ZINC000533232220,0,,,,NT,28.80,,Cc1cc(NC(=O)c2cc3c(c(Cl)c2)OCO3)n(C2CCOCC2)n1,-40.0,25.0
ZINC000561696674,0,,,,NT,25.47,,CC(C)Cn1ncc(Nc2ccc([N+](=O)[O-])cc2)c1C1CC1,-40.0,22.0
ZINC000562352532,0,,,,NT,-13.19,,CCCc1nc(C)c(CNc2ccnc3ccsc32)o1,-40.0,20.0
ZINC000596309140,0,,,,NT,7.11,,Ic1cccc(OCCCn2cc(C3CC3)nn2)c1,-40.0,19.0
ZINC000622075832,0,,,,NT,-21.86,,CC[C@@H](CNc1ccccc1)NC(=O)COCc1nccn1C,-40.0,23.0
ZINC000634050549,0,,,,NT,5.30,,COCC1(C2CC2)CN(C(=O)[C@@H]2Cc3ccccc3S2)C1,-40.0,21.0
ZINC000638181743,0,,,,NT,30.24,,O=C1CN(Cc2cc3c(cn2)OCCO3)CN1Cc1ccccc1,-40.0,24.0
ZINC000651403808,0,,,,NT,80.06,,Cc1cc(C)n(-c2cncc(=N[C@@H](C3CC3)C3CCOCC3)[nH]2)n1,-40.0,24.0
ZINC000664868499,0,,,,NT,34.75,,CC1(C)Cc2n[nH]cc2CN(Cc2csc(C3CC3)n2)C1,-40.0,21.0
ZINC000089457144,0,,,,NT,-7.19,,Cc1c[nH]/c(=N/C(=O)C[C@H](C)Cc2ccc(Cl)cc2)[nH]1,-35.0,20.0
ZINC000187809092,0,,,,NT,-13.91,,O=C(c1ccc(C(F)(F)F)[nH]c1=O)N1CCC(c2ccsc2)CC1,-35.0,24.0
ZINC000188511497,0,,,,NT,1.94,,COC(=O)c1scc(C)c1NS(=O)(=O)c1c[nH]c2cccc(F)c21,-35.0,24.0
ZINC000191074433,0,,,,NT,0.47,,Cn1ncnc1S(=O)(=O)Cc1coc(-c2ccc([N+](=O)[O-])cc2)n1,-35.0,24.0
ZINC000273459391,0,,,,NT,0.67,,O=C(C[C@@H]1CSCCS1)N1CCc2ccncc21,-35.0,18.0
ZINC000278136424,0,,,,NT,12.79,,C[C@H]1C(=O)N(c2ccc3c(c2)OC(F)(F)O3)C(=O)N1C1CC1,-35.0,22.0
ZINC000279550867,0,,,,NT,3.64,,CC[C@@]1(C)Oc2ccc(NCc3ccnn3C(C)C)cc2O1,-35.0,22.0
ZINC000301469731,0,,,,NT,3.02,,N#Cc1cc(NCc2ccon2)cc(NCc2ccon2)c1[N+](=O)[O-],-35.0,25.0
ZINC000328901657,0,,,,NT,21.77,,CC(C)Nc1ccc(/C(O)=N/[C@@H]2CCO[C@H]2C2CC2)cn1,-35.0,21.0
ZINC000329362699,0,,,,NT,-0.53,,O=C(CCN1C(=O)C2(CCCC2)N=C1O)N1CCS(=O)CC1,-35.0,22.0
ZINC000329738594,0,,,,NT,17.31,,CC(=O)N1CCC[C@@H](c2noc([C@@H]3Cc4ccccc4S3)n2)C1,-35.0,23.0
ZINC000335302007,0,,,,NT,17.99,,C[C@H]1CN(Cc2cn3cc(Cl)ccc3n2)S(=O)(=O)C1,-35.0,19.0
ZINC000335925353,0,,,,NT,-1.38,,Cc1cc(C(=O)Nc2ncc(C(F)(F)F)[nH]2)ns1,-35.0,18.0
ZINC000346667446,0,,,,NT,25.09,,Cn1cc(CN=c2[nH][nH]cc2C#N)c(-c2ccncc2)n1,-35.0,21.0
ZINC000346805474,0,,,,NT,-6.22,,CCc1nnc(CNC(=O)C(=O)NCc2ccc(F)cc2)o1,-35.0,22.0
ZINC000348588772,0,,,,NT,-16.58,,O=C1N[C@@H](Cc2cnc[nH]2)C(=O)N1[C@@H]1CSc2ccccc21,-35.0,22.0
ZINC000362172677,0,,,,NT,-4.55,,O=C(Cn1nc2ccccn2c1=O)Nc1nccc(-c2ccco2)n1,-35.0,25.0
ZINC000365071023,0,,,,NT,5.34,,c1ccc(Oc2cccc(NC3CCC4(CCCO4)CC3)c2)nc1,-35.0,24.0
ZINC000365129771,0,,,,NT,-23.00,,O=C(N[C@@H]1CCN(C(=O)c2ccncc2)C1)c1c[nH]nc1C1CC1,-35.0,24.0
ZINC000437356381,0,,,,NT,9.92,,N#Cc1c[nH]ccc1=NC(=O)CSCc1cscn1,-35.0,19.0
ZINC000487051932,0,,,,NT,10.77,,O=[N+]([O-])c1ccc(S[C@H]2CCOC2)nc1OCc1ccccc1,-35.0,23.0
ZINC000540726253,0,,,,NT,17.52,,Cc1ccc([C@H](Nc2cccc(N3CCOCC3)c2)C2CC2)cc1,-35.0,24.0
ZINC000547111210,0,,,,NT,-0.09,,C[C@]1(c2nc(-c3ccnc(N4CCOCC4)c3)no2)CCCOC1,-35.0,24.0
ZINC000548147382,0,,,,NT,0.12,,CC(=O)N(CCc1ccccc1)CC(=O)Nc1cccc2cc[nH]c21,-35.0,25.0
ZINC000594481260,0,,,,NT,-1.44,,N#Cc1ccc(C2(NS(=O)(=O)CC[C@H]3CCOC3)CCC2)cc1,-35.0,23.0
ZINC000616783624,0,,,,NT,-5.96,,Cn1nncc1C(=O)N[C@@H]1CCCC[C@@H]1NC(=O)c1cnnn1C,-35.0,24.0
ZINC000617992931,0,,,,NT,-0.91,,COC(=O)c1c(C)c(C)sc1NC(=O)N1CCC12CCOCC2,-35.0,23.0
ZINC000624061454,0,,,,NT,-5.13,,Cc1noc(C)c1[C@@H](C)C(=O)Nc1nnc(C2CC2)s1,-35.0,20.0
ZINC000632070629,0,,,,NT,-3.14,,CN(C[C@H]1CCOC1)S(=O)(=O)c1cccnc1Oc1ccc(F)cc1,-35.0,25.0
ZINC000647880816,0,,,,NT,0.38,,c1noc2c1cccc2OCc1ncn(-c2ccccc2)n1,-35.0,22.0
ZINC000648691433,0,,,,NT,9.42,,C[C@H]1SCC[C@@H]1NC(=O)C1C[C@H]2CCC[C@@H](C1)C2=O,-35.0,19.0
ZINC000651692099,0,,,,NT,-6.16,,O=C(N=c1[nH]nc2n1CCCC2)c1ccc(-n2ccnc2O)cc1,-35.0,24.0
ZINC000655250990,0,,,,NT,13.23,,Cn1c(O)ncc(C(=O)NCc2nnn(C(C)(C)C)n2)c1=O,-35.0,22.0
ZINC000657225886,0,,,,NT,-6.87,,CC(C)(C)n1cc(CSc2nc(N)nc(N)n2)nn1,-35.0,19.0
ZINC000664448457,0,,,,NT,6.51,,CC1C[C@H]2CC[C@@H](C1)N2C(=O)C(=O)c1ccc(F)cc1,-35.0,20.0
ZINC000621433144,ND,4.32,>10000,>10000,0.18,ND,,CC(C)N1C[C@H](NC(=O)N2Cc3ccccc3[C@@H]2C)[C@@H](C)C1,-26.26,22.0
ZINC000361131264,ND,72,>10000,>10000,7.31,ND,,CC(C)N1C[C@@H](C)[C@H](NC(=O)N2Cc3ccccc3[C@@H]2C)C1,-39.36,22.0
ZINC000361131265,ND,185,>10000,>10000,59.1,ND,,CC(C)N1C[C@@H](C)[C@@H](NC(=O)N2Cc3ccccc3[C@@H]2C)C1,-53.91,22.0
ZINC000621433143,ND /1,669 / 18.4,>10000,>10000,346/2.34,ND/99.35,purediastereomer/diastereomeric mixture,CC(C)N1C[C@H](C)[C@H](NC(=O)N2Cc3ccccc3[C@@H]2C)C1,-64.63,22.0
