"Molecule ChEMBL ID"	"Molecule Name"	"Molecule Max Phase"	"Molecular Weight"	"#RO5 Violations"	"AlogP"	"Compound Key"	"Smiles"	"Standard Type"	"Standard Relation"	"Standard Value"	"Standard Units"	"pChEMBL Value"	"Data Validity Comment"	"Comment"	"Uo Units"	"Ligand Efficiency BEI"	"Ligand Efficiency LE"	"Ligand Efficiency LLE"	"Ligand Efficiency SEI"	"Potential Duplicate"	"Assay ChEMBL ID"	"Assay Description"	"Assay Type"	"BAO Format ID"	"BAO Label"	"Assay Organism"	"Assay Tissue ChEMBL ID"	"Assay Tissue Name"	"Assay Cell Type"	"Assay Subcellular Fraction"	"Assay Parameters"	"Assay Variant Accession"	"Assay Variant Mutation"	"Target ChEMBL ID"	"Target Name"	"Target Organism"	"Target Type"	"Document ChEMBL ID"	"Source ID"	"Source Description"	"Document Journal"	"Document Year"	"Cell ChEMBL ID"	"Properties"	"Action Type"	"Standard Text Value"	"Value"
"CHEMBL729"	"LOPINAVIR"	"4.0"	"628.81"	"1"	"4.33"	"lopinavir"	"Cc1cccc(C)c1OCC(=O)N[C@@H](Cc1ccccc1)[C@@H](O)C[C@H](Cc1ccccc1)NC(=O)[C@H](C(C)C)N1CCCNC1=O"	"Ki"	"'='"	"0.029"	"nM"	"10.54"	""	""	"UO_0000065"	"16.76"	"0.31"	"6.21"	"8.78"	"0"	"CHEMBL982905"	"Inhibition of HIV1 recombinant protease M46I/A71V/V82T/I84V mutant expressed in Escherichia coli by spectrophotometric assay"	"B"	"BAO_0000019"	"assay format"	"Human immunodeficiency virus 1"	"None"	"None"	"None"	"None"	""	"O90781"	"M46I,A71V,V82T,I84V"	"CHEMBL243"	"Human immunodeficiency virus type 1 protease"	"Human immunodeficiency virus 1"	"SINGLE PROTEIN"	"CHEMBL1155806"	"1"	"Scientific Literature"	"J Med Chem"	"2008"	"None"	""	""	""	"0.029"
"CHEMBL116"	"AMPRENAVIR"	"4.0"	"505.64"	"1"	"2.40"	"Amprenavir"	"CC(C)CN(C[C@@H](O)[C@H](Cc1ccccc1)NC(=O)O[C@H]1CCOC1)S(=O)(=O)c1ccc(N)cc1"	"Ki"	"'='"	"0.04"	"nM"	"10.40"	""	""	"UO_0000065"	"20.56"	"0.41"	"8.00"	"7.93"	"1"	"CHEMBL828911"	"Inhibition constant against HIV Protease"	"B"	"BAO_0000357"	"single protein format"	"Human immunodeficiency virus 1"	"None"	"None"	"None"	"None"	""	""	""	"CHEMBL243"	"Human immunodeficiency virus type 1 protease"	"Human immunodeficiency virus 1"	"SINGLE PROTEIN"	"CHEMBL1145235"	"1"	"Scientific Literature"	"Bioorg Med Chem Lett"	"2005"	"None"	""	""	""	"0.04"
"CHEMBL1323"	"DARUNAVIR"	"4.0"	"547.67"	"1"	"2.38"	"TMC-114"	"CC(C)CN(C[C@@H](O)[C@H](Cc1ccccc1)NC(=O)O[C@H]1CO[C@H]2OCC[C@H]21)S(=O)(=O)c1ccc(N)cc1"	"Ki"	"'='"	"0.015"	"nM"	"10.82"	""	""	"UO_0000065"	"19.76"	"0.39"	"8.44"	"7.71"	"0"	"CHEMBL830309"	"Inhibitory activity against human immunodeficiency virus 1 protease"	"B"	"BAO_0000357"	"single protein format"	"Human immunodeficiency virus 1"	"None"	"None"	"None"	"None"	""	""	""	"CHEMBL243"	"Human immunodeficiency virus type 1 protease"	"Human immunodeficiency virus 1"	"SINGLE PROTEIN"	"CHEMBL1144397"	"1"	"Scientific Literature"	"J Med Chem"	"2005"	"None"	""	""	""	"15.0"
"CHEMBL116"	"AMPRENAVIR"	"4.0"	"505.64"	"1"	"2.40"	"Page 6608 (1)"	"CC(C)CN(C[C@@H](O)[C@H](Cc1ccccc1)NC(=O)O[C@H]1CCOC1)S(=O)(=O)c1ccc(N)cc1"	"Ki"	"'='"	"0.06"	"nM"	"10.22"	""	""	"UO_0000065"	"20.22"	"0.40"	"7.82"	"7.79"	"0"	"CHEMBL872290"	"Binding affinity for HIV-1 protease expressed in Escherichia coli upon incubation in pH 5.5 buffer containing Abz-Thr-Ile-p-nitrophenylalanine-Phe-Gln-Arg-NH2"	"B"	"BAO_0000019"	"assay format"	"Human immunodeficiency virus 1"	"None"	"None"	"None"	"None"	""	""	""	"CHEMBL243"	"Human immunodeficiency virus type 1 protease"	"Human immunodeficiency virus 1"	"SINGLE PROTEIN"	"CHEMBL1141123"	"1"	"Scientific Literature"	"J Med Chem"	"2005"	"None"	""	""	""	"0.06"
"CHEMBL116"	"AMPRENAVIR"	"4.0"	"505.64"	"1"	"2.40"	"Amprenavir"	"CC(C)CN(C[C@@H](O)[C@H](Cc1ccccc1)NC(=O)O[C@H]1CCOC1)S(=O)(=O)c1ccc(N)cc1"	"Ki"	"'='"	"0.04"	"nM"	"10.40"	""	""	"UO_0000065"	"20.56"	"0.41"	"8.00"	"7.93"	"1"	"CHEMBL830292"	"Inhibition constant against HIV-1 protease"	"B"	"BAO_0000357"	"single protein format"	"Human immunodeficiency virus 1"	"None"	"None"	"None"	"None"	""	""	""	"CHEMBL243"	"Human immunodeficiency virus type 1 protease"	"Human immunodeficiency virus 1"	"SINGLE PROTEIN"	"CHEMBL1142752"	"1"	"Scientific Literature"	"Bioorg Med Chem Lett"	"2005"	"None"	""	""	""	"0.04"
"CHEMBL1323"	"DARUNAVIR"	"4.0"	"547.67"	"1"	"2.38"	"2, DRV"	"CC(C)CN(C[C@@H](O)[C@H](Cc1ccccc1)NC(=O)O[C@H]1CO[C@H]2OCC[C@H]21)S(=O)(=O)c1ccc(N)cc1"	"Ki"	"'='"	"0.027"	"nM"	"10.57"	""	""	"UO_0000065"	"19.30"	"0.38"	"8.19"	"7.53"	"0"	"CHEMBL2166542"	"Inhibition of HIV1 protease L10I, L63P, A71V, G73S, I84V, L90M mutant by FRET assay"	"B"	"BAO_0000019"	"assay format"	"Human immunodeficiency virus 1"	"None"	"None"	"None"	"None"	""	"O90781"	"L10I,L63P,A71V,G73S,I84V,L90M"	"CHEMBL243"	"Human immunodeficiency virus type 1 protease"	"Human immunodeficiency virus 1"	"SINGLE PROTEIN"	"CHEMBL2163218"	"1"	"Scientific Literature"	"J Med Chem"	"2012"	"None"	""	""	""	"0.027"
"CHEMBL1163"	"ATAZANAVIR"	"4.0"	"704.87"	"1"	"4.21"	"atazanavir"	"COC(=O)N[C@H](C(=O)N[C@@H](Cc1ccccc1)[C@@H](O)CN(Cc1ccc(-c2ccccn2)cc1)NC(=O)[C@@H](NC(=O)OC)C(C)(C)C)C(C)(C)C"	"Ki"	"'='"	"0.054"	"nM"	"10.27"	""	""	"UO_0000065"	"14.57"	"0.27"	"6.06"	"6.00"	"0"	"CHEMBL982910"	"Inhibition of HIV1 recombinant protease L10F/L19I/K20R/L33F/E35D/M36I/R41K/F53L/I54V/L63P/H69K/A71V/T74P/I84V/L89M/L90M/I93L mutant expressed in Escherichia coli by spectrophotometric assay"	"B"	"BAO_0000019"	"assay format"	"Human immunodeficiency virus 1"	"None"	"None"	"None"	"None"	""	"O90781"	"L10F,L19I,K20R,L33F,E35D,M36I,R41K,F53L,I54V,L63P,H69K,A71V,T74P,I84V,L89M,L90M,I93L"	"CHEMBL243"	"Human immunodeficiency virus type 1 protease"	"Human immunodeficiency virus 1"	"SINGLE PROTEIN"	"CHEMBL1155806"	"1"	"Scientific Literature"	"J Med Chem"	"2008"	"None"	""	""	""	"0.054"
"CHEMBL116"	"AMPRENAVIR"	"4.0"	"505.64"	"1"	"2.40"	"1, APV"	"CC(C)CN(C[C@@H](O)[C@H](Cc1ccccc1)NC(=O)O[C@H]1CCOC1)S(=O)(=O)c1ccc(N)cc1"	"Ki"	"'='"	"0.041"	"nM"	"10.39"	""	""	"UO_0000065"	"20.54"	"0.41"	"7.99"	"7.92"	"1"	"CHEMBL2166543"	"Inhibition of HIV1 protease L10I, G48V, I54V, L63P and V82A mutant by FRET assay"	"B"	"BAO_0000019"	"assay format"	"Human immunodeficiency virus 1"	"None"	"None"	"None"	"None"	""	"O90781"	"L10I,G48V,I54V,L63P,V82A"	"CHEMBL243"	"Human immunodeficiency virus type 1 protease"	"Human immunodeficiency virus 1"	"SINGLE PROTEIN"	"CHEMBL2163218"	"1"	"Scientific Literature"	"J Med Chem"	"2012"	"None"	""	""	""	"0.041"
"CHEMBL729"	"LOPINAVIR"	"4.0"	"628.81"	"1"	"4.33"	"LPV, Lopinavir"	"Cc1cccc(C)c1OCC(=O)N[C@@H](Cc1ccccc1)[C@@H](O)C[C@H](Cc1ccccc1)NC(=O)[C@H](C(C)C)N1CCCNC1=O"	"Ki"	"'='"	"0.04"	"nM"	"10.40"	""	""	"UO_0000065"	"16.54"	"0.31"	"6.07"	"8.66"	"0"	"CHEMBL909837"	"Inhibition of HIV1 protease D30N/L63P/N88D mutant"	"B"	"BAO_0000357"	"single protein format"	"Human immunodeficiency virus 1"	"None"	"None"	"None"	"None"	""	"Q72874"	"D30N,L63P,N88D"	"CHEMBL243"	"Human immunodeficiency virus type 1 protease"	"Human immunodeficiency virus 1"	"SINGLE PROTEIN"	"CHEMBL1137295"	"1"	"Scientific Literature"	"J Med Chem"	"2006"	"None"	""	""	""	"0.04"
"CHEMBL114"	"SAQUINAVIR"	"4.0"	"670.86"	"1"	"3.09"	"Saquinavir"	"CC(C)(C)NC(=O)[C@@H]1C[C@@H]2CCCC[C@@H]2CN1C[C@@H](O)[C@H](Cc1ccccc1)NC(=O)[C@H](CC(N)=O)NC(=O)c1ccc2ccccc2n1"	"Ki"	"'='"	"0.04"	"nM"	"10.40"	""	""	"UO_0000065"	"15.50"	"0.29"	"7.31"	"6.24"	"0"	"CHEMBL763311"	"Inhibition of HIV protease"	"B"	"BAO_0000357"	"single protein format"	"Human immunodeficiency virus 1"	"None"	"None"	"None"	"None"	""	""	""	"CHEMBL243"	"Human immunodeficiency virus type 1 protease"	"Human immunodeficiency virus 1"	"SINGLE PROTEIN"	"CHEMBL1133027"	"1"	"Scientific Literature"	"Bioorg Med Chem Lett"	"2000"	"None"	""	""	""	"0.04"
"CHEMBL116"	"AMPRENAVIR"	"4.0"	"505.64"	"1"	"2.40"	"Amprenavir"	"CC(C)CN(C[C@@H](O)[C@H](Cc1ccccc1)NC(=O)O[C@H]1CCOC1)S(=O)(=O)c1ccc(N)cc1"	"Ki"	"'='"	"0.04"	"nM"	"10.40"	""	""	"UO_0000065"	"20.56"	"0.41"	"8.00"	"7.93"	"0"	"CHEMBL763311"	"Inhibition of HIV protease"	"B"	"BAO_0000357"	"single protein format"	"Human immunodeficiency virus 1"	"None"	"None"	"None"	"None"	""	""	""	"CHEMBL243"	"Human immunodeficiency virus type 1 protease"	"Human immunodeficiency virus 1"	"SINGLE PROTEIN"	"CHEMBL1133027"	"1"	"Scientific Literature"	"Bioorg Med Chem Lett"	"2000"	"None"	""	""	""	"0.04"
"CHEMBL163"	"RITONAVIR"	"4.0"	"720.96"	"2"	"5.91"	"ABT-538"	"CC(C)c1nc(CN(C)C(=O)N[C@H](C(=O)N[C@@H](Cc2ccccc2)C[C@H](O)[C@H](Cc2ccccc2)NC(=O)OCc2cncs2)C(C)C)cs1"	"Ki"	"'='"	"0.02"	"nM"	"10.70"	""	""	"UO_0000065"	"14.84"	"0.29"	"4.79"	"7.34"	"0"	"CHEMBL690413"	"Inhibitory activity against purified HIV protease"	"B"	"BAO_0000357"	"single protein format"	"None"	"None"	"None"	"None"	"None"	""	""	""	"CHEMBL243"	"Human immunodeficiency virus type 1 protease"	"Human immunodeficiency virus 1"	"SINGLE PROTEIN"	"CHEMBL1128078"	"1"	"Scientific Literature"	"Bioorg Med Chem Lett"	"1995"	"None"	""	""	""	"0.02"
"CHEMBL1323"	"DARUNAVIR"	"4.0"	"547.67"	"1"	"2.38"	"Darunavir"	"CC(C)CN(C[C@@H](O)[C@H](Cc1ccccc1)NC(=O)O[C@H]1CO[C@H]2OCC[C@H]21)S(=O)(=O)c1ccc(N)cc1"	"Ki"	"'='"	"0.032"	"nM"	"10.49"	""	""	"UO_0000065"	"19.16"	"0.38"	"8.11"	"7.47"	"0"	"CHEMBL982905"	"Inhibition of HIV1 recombinant protease M46I/A71V/V82T/I84V mutant expressed in Escherichia coli by spectrophotometric assay"	"B"	"BAO_0000019"	"assay format"	"Human immunodeficiency virus 1"	"None"	"None"	"None"	"None"	""	"O90781"	"M46I,A71V,V82T,I84V"	"CHEMBL243"	"Human immunodeficiency virus type 1 protease"	"Human immunodeficiency virus 1"	"SINGLE PROTEIN"	"CHEMBL1155806"	"1"	"Scientific Literature"	"J Med Chem"	"2008"	"None"	""	""	""	"0.032"
"CHEMBL729"	"LOPINAVIR"	"4.0"	"628.81"	"1"	"4.33"	"lopinavir"	"Cc1cccc(C)c1OCC(=O)N[C@@H](Cc1ccccc1)[C@@H](O)C[C@H](Cc1ccccc1)NC(=O)[C@H](C(C)C)N1CCCNC1=O"	"Ki"	"'='"	"0.06"	"nM"	"10.22"	""	""	"UO_0000065"	"16.26"	"0.30"	"5.89"	"8.52"	"0"	"CHEMBL982906"	"Inhibition of HIV1 recombinant protease A71V/V82T/I84V mutant expressed in Escherichia coli by spectrophotometric assay"	"B"	"BAO_0000019"	"assay format"	"Human immunodeficiency virus 1"	"None"	"None"	"None"	"None"	""	"O90781"	"A71V,V82T,I84V"	"CHEMBL243"	"Human immunodeficiency virus type 1 protease"	"Human immunodeficiency virus 1"	"SINGLE PROTEIN"	"CHEMBL1155806"	"1"	"Scientific Literature"	"J Med Chem"	"2008"	"None"	""	""	""	"0.06"
"CHEMBL1323"	"DARUNAVIR"	"4.0"	"547.67"	"1"	"2.38"	"Darunavir"	"CC(C)CN(C[C@@H](O)[C@H](Cc1ccccc1)NC(=O)O[C@H]1CO[C@H]2OCC[C@H]21)S(=O)(=O)c1ccc(N)cc1"	"Ki"	"'='"	"0.02"	"nM"	"10.70"	""	""	"UO_0000065"	"19.54"	"0.38"	"8.32"	"7.62"	"0"	"CHEMBL982909"	"Inhibition of HIV1 recombinant protease L10I/L24I/L33F/M46L/I54V/L63P/A71V/V82A/I84V mutant expressed in Escherichia coli by spectrophotometric assay"	"B"	"BAO_0000019"	"assay format"	"Human immunodeficiency virus 1"	"None"	"None"	"None"	"None"	""	"Q72874"	"L10I,L24I,L33F,M46L,I54V,L63P,A71V,V82A,I84V"	"CHEMBL243"	"Human immunodeficiency virus type 1 protease"	"Human immunodeficiency virus 1"	"SINGLE PROTEIN"	"CHEMBL1155806"	"1"	"Scientific Literature"	"J Med Chem"	"2008"	"None"	""	""	""	"0.02"
"CHEMBL1163"	"ATAZANAVIR"	"4.0"	"704.87"	"1"	"4.21"	"atazanavir"	"COC(=O)N[C@H](C(=O)N[C@@H](Cc1ccccc1)[C@@H](O)CN(Cc1ccc(-c2ccccn2)cc1)NC(=O)[C@@H](NC(=O)OC)C(C)(C)C)C(C)(C)C"	"Ki"	"'='"	"0.076"	"nM"	"10.12"	""	""	"UO_0000065"	"14.36"	"0.27"	"5.91"	"5.91"	"0"	"CHEMBL982908"	"Inhibition of HIV1 recombinant protease L10I/I15V/E35D/N37S/R41K/I62V/L63P/A71V/G73S/L90M mutant expressed in Escherichia coli by spectrophotometric assay"	"B"	"BAO_0000019"	"assay format"	"Human immunodeficiency virus 1"	"None"	"None"	"None"	"None"	""	"Q9YQ30"	"L10I,I15V,E35D,N37S,R41K,I62V,L63P,A71V,G73S,L90M"	"CHEMBL243"	"Human immunodeficiency virus type 1 protease"	"Human immunodeficiency virus 1"	"SINGLE PROTEIN"	"CHEMBL1155806"	"1"	"Scientific Literature"	"J Med Chem"	"2008"	"None"	""	""	""	"0.076"
"CHEMBL729"	"LOPINAVIR"	"4.0"	"628.81"	"1"	"4.33"	"Lopinavir"	"Cc1cccc(C)c1OCC(=O)N[C@@H](Cc1ccccc1)[C@@H](O)C[C@H](Cc1ccccc1)NC(=O)[C@H](C(C)C)N1CCCNC1=O"	"Ki"	"'='"	"0.08"	"nM"	"10.10"	""	""	"UO_0000065"	"16.06"	"0.30"	"5.77"	"8.41"	"0"	"CHEMBL838839"	"Inhibition constant for human immunodeficiency virus type 1 protease"	"B"	"BAO_0000357"	"single protein format"	"Human immunodeficiency virus 1"	"None"	"None"	"None"	"None"	""	""	""	"CHEMBL243"	"Human immunodeficiency virus type 1 protease"	"Human immunodeficiency virus 1"	"SINGLE PROTEIN"	"CHEMBL1138847"	"1"	"Scientific Literature"	"J Med Chem"	"2004"	"None"	""	""	""	"0.08"
"CHEMBL116"	"AMPRENAVIR"	"4.0"	"505.64"	"1"	"2.40"	"Amprenavir"	"CC(C)CN(C[C@@H](O)[C@H](Cc1ccccc1)NC(=O)O[C@H]1CCOC1)S(=O)(=O)c1ccc(N)cc1"	"Ki"	"'='"	"0.1"	"nM"	"10.00"	""	""	"UO_0000065"	"19.78"	"0.39"	"7.60"	"7.62"	"0"	"CHEMBL909835"	"Inhibition of wild type HIV1 protease Q7K mutant"	"B"	"BAO_0000357"	"single protein format"	"Human immunodeficiency virus 1"	"None"	"None"	"None"	"None"	""	"Q72874"	"Q7K"	"CHEMBL243"	"Human immunodeficiency virus type 1 protease"	"Human immunodeficiency virus 1"	"SINGLE PROTEIN"	"CHEMBL1137295"	"1"	"Scientific Literature"	"J Med Chem"	"2006"	"None"	""	""	""	"0.1"
"CHEMBL1323"	"DARUNAVIR"	"4.0"	"547.67"	"1"	"2.38"	"Darunavir"	"CC(C)CN(C[C@@H](O)[C@H](Cc1ccccc1)NC(=O)O[C@H]1CO[C@H]2OCC[C@H]21)S(=O)(=O)c1ccc(N)cc1"	"Ki"	"'='"	"0.011"	"nM"	"10.96"	""	""	"UO_0000065"	"20.01"	"0.39"	"8.58"	"7.80"	"0"	"CHEMBL982904"	"Inhibition of HIV1 recombinant protease D30N/N88D mutant expressed in Escherichia coli by spectrophotometric assay"	"B"	"BAO_0000019"	"assay format"	"Human immunodeficiency virus 1"	"None"	"None"	"None"	"None"	""	"O90781"	"D30N,N88D"	"CHEMBL243"	"Human immunodeficiency virus type 1 protease"	"Human immunodeficiency virus 1"	"SINGLE PROTEIN"	"CHEMBL1155806"	"1"	"Scientific Literature"	"J Med Chem"	"2008"	"None"	""	""	""	"0.011"
"CHEMBL116"	"AMPRENAVIR"	"4.0"	"505.64"	"1"	"2.40"	"1, APV"	"CC(C)CN(C[C@@H](O)[C@H](Cc1ccccc1)NC(=O)O[C@H]1CCOC1)S(=O)(=O)c1ccc(N)cc1"	"Ki"	"'='"	"0.03"	"nM"	"10.52"	""	""	"UO_0000065"	"20.81"	"0.41"	"8.12"	"8.02"	"0"	"CHEMBL2169287"	"Inhibition of HIV1 protease I50V, A71V mutant by FRET assay"	"B"	"BAO_0000019"	"assay format"	"Human immunodeficiency virus 1"	"None"	"None"	"None"	"None"	""	"O90781"	"I50V,A71V"	"CHEMBL243"	"Human immunodeficiency virus type 1 protease"	"Human immunodeficiency virus 1"	"SINGLE PROTEIN"	"CHEMBL2163218"	"1"	"Scientific Literature"	"J Med Chem"	"2012"	"None"	""	""	""	"0.03"
"CHEMBL1323"	"DARUNAVIR"	"4.0"	"547.67"	"1"	"2.38"	"1, TMC-114"	"CC(C)CN(C[C@@H](O)[C@H](Cc1ccccc1)NC(=O)O[C@H]1CO[C@H]2OCC[C@H]21)S(=O)(=O)c1ccc(N)cc1"	"Ki"	"'='"	"0.014"	"nM"	"10.85"	""	""	"UO_0000065"	"19.82"	"0.39"	"8.47"	"7.73"	"0"	"CHEMBL867394"	"Inhibition of HIV1 protease"	"B"	"BAO_0000357"	"single protein format"	"Human immunodeficiency virus 1"	"None"	"None"	"None"	"None"	""	""	""	"CHEMBL243"	"Human immunodeficiency virus type 1 protease"	"Human immunodeficiency virus 1"	"SINGLE PROTEIN"	"CHEMBL1146019"	"1"	"Scientific Literature"	"J Med Chem"	"2006"	"None"	""	""	""	"14.0"
"CHEMBL163"	"RITONAVIR"	"4.0"	"720.96"	"2"	"5.91"	"Ritonavir"	"CC(C)c1nc(CN(C)C(=O)N[C@H](C(=O)N[C@@H](Cc2ccccc2)C[C@H](O)[C@H](Cc2ccccc2)NC(=O)OCc2cncs2)C(C)C)cs1"	"Ki"	"'='"	"0.02"	"nM"	"10.70"	""	""	"UO_0000065"	"14.84"	"0.29"	"4.79"	"7.34"	"1"	"CHEMBL763311"	"Inhibition of HIV protease"	"B"	"BAO_0000357"	"single protein format"	"Human immunodeficiency virus 1"	"None"	"None"	"None"	"None"	""	""	""	"CHEMBL243"	"Human immunodeficiency virus type 1 protease"	"Human immunodeficiency virus 1"	"SINGLE PROTEIN"	"CHEMBL1133027"	"1"	"Scientific Literature"	"Bioorg Med Chem Lett"	"2000"	"None"	""	""	""	"0.02"
"CHEMBL163"	"RITONAVIR"	"4.0"	"720.96"	"2"	"5.91"	"Ritonavir (ABT-538)"	"CC(C)c1nc(CN(C)C(=O)N[C@H](C(=O)N[C@@H](Cc2ccccc2)C[C@H](O)[C@H](Cc2ccccc2)NC(=O)OCc2cncs2)C(C)C)cs1"	"Ki"	"'='"	"0.015"	"nM"	"10.82"	""	""	"UO_0000065"	"15.01"	"0.30"	"4.91"	"7.42"	"0"	"CHEMBL687818"	"Inhibition constant of ritonavir towards HIV protease was determined"	"B"	"BAO_0000357"	"single protein format"	"None"	"None"	"None"	"None"	"None"	""	""	""	"CHEMBL243"	"Human immunodeficiency virus type 1 protease"	"Human immunodeficiency virus 1"	"SINGLE PROTEIN"	"CHEMBL1149966"	"1"	"Scientific Literature"	"Bioorg Med Chem Lett"	"1997"	"None"	""	""	""	"15.0"
"CHEMBL114"	"SAQUINAVIR"	"4.0"	"670.86"	"1"	"3.09"	"saquinavir"	"CC(C)(C)NC(=O)[C@@H]1C[C@@H]2CCCC[C@@H]2CN1C[C@@H](O)[C@H](Cc1ccccc1)NC(=O)[C@H](CC(N)=O)NC(=O)c1ccc2ccccc2n1"	"Ki"	"'='"	"0.062"	"nM"	"10.21"	""	""	"UO_0000065"	"15.22"	"0.28"	"7.12"	"6.12"	"0"	"CHEMBL821387"	"Dissociation constant obtained by inhibition of Wild-type protease"	"B"	"BAO_0000357"	"single protein format"	"None"	"None"	"None"	"None"	"None"	""	""	""	"CHEMBL243"	"Human immunodeficiency virus type 1 protease"	"Human immunodeficiency virus 1"	"SINGLE PROTEIN"	"CHEMBL1133637"	"1"	"Scientific Literature"	"J Med Chem"	"2000"	"None"	""	""	""	"0.062"
"CHEMBL729"	"LOPINAVIR"	"4.0"	"628.81"	"1"	"4.33"	"lopinavir"	"Cc1cccc(C)c1OCC(=O)N[C@@H](Cc1ccccc1)[C@@H](O)C[C@H](Cc1ccccc1)NC(=O)[C@H](C(C)C)N1CCCNC1=O"	"Ki"	"'='"	"0.026"	"nM"	"10.59"	""	""	"UO_0000065"	"16.83"	"0.31"	"6.26"	"8.82"	"0"	"CHEMBL982904"	"Inhibition of HIV1 recombinant protease D30N/N88D mutant expressed in Escherichia coli by spectrophotometric assay"	"B"	"BAO_0000019"	"assay format"	"Human immunodeficiency virus 1"	"None"	"None"	"None"	"None"	""	"O90781"	"D30N,N88D"	"CHEMBL243"	"Human immunodeficiency virus type 1 protease"	"Human immunodeficiency virus 1"	"SINGLE PROTEIN"	"CHEMBL1155806"	"1"	"Scientific Literature"	"J Med Chem"	"2008"	"None"	""	""	""	"0.026"
"CHEMBL729"	"LOPINAVIR"	"4.0"	"628.81"	"1"	"4.33"	"lopinavir"	"Cc1cccc(C)c1OCC(=O)N[C@@H](Cc1ccccc1)[C@@H](O)C[C@H](Cc1ccccc1)NC(=O)[C@H](C(C)C)N1CCCNC1=O"	"Ki"	"'='"	"0.029"	"nM"	"10.54"	""	""	"UO_0000065"	"16.76"	"0.31"	"6.21"	"8.78"	"0"	"CHEMBL982908"	"Inhibition of HIV1 recombinant protease L10I/I15V/E35D/N37S/R41K/I62V/L63P/A71V/G73S/L90M mutant expressed in Escherichia coli by spectrophotometric assay"	"B"	"BAO_0000019"	"assay format"	"Human immunodeficiency virus 1"	"None"	"None"	"None"	"None"	""	"Q9YQ30"	"L10I,I15V,E35D,N37S,R41K,I62V,L63P,A71V,G73S,L90M"	"CHEMBL243"	"Human immunodeficiency virus type 1 protease"	"Human immunodeficiency virus 1"	"SINGLE PROTEIN"	"CHEMBL1155806"	"1"	"Scientific Literature"	"J Med Chem"	"2008"	"None"	""	""	""	"0.029"
"CHEMBL163"	"RITONAVIR"	"4.0"	"720.96"	"2"	"5.91"	"Ritonavir"	"CC(C)c1nc(CN(C)C(=O)N[C@H](C(=O)N[C@@H](Cc2ccccc2)C[C@H](O)[C@H](Cc2ccccc2)NC(=O)OCc2cncs2)C(C)C)cs1"	"Ki"	"'='"	"0.015"	"nM"	"10.82"	""	""	"UO_0000065"	"15.01"	"0.30"	"4.91"	"7.42"	"1"	"CHEMBL688448"	"Tested for inhibitor binding of wild-type HIV PR"	"B"	"BAO_0000357"	"single protein format"	"human immunodeficiency virus type1"	"None"	"None"	"None"	"None"	""	""	""	"CHEMBL243"	"Human immunodeficiency virus type 1 protease"	"Human immunodeficiency virus 1"	"SINGLE PROTEIN"	"CHEMBL1148439"	"1"	"Scientific Literature"	"J Med Chem"	"2004"	"None"	""	""	""	"0.015"
"CHEMBL1323"	"DARUNAVIR"	"4.0"	"547.67"	"1"	"2.38"	"Darunavir"	"CC(C)CN(C[C@@H](O)[C@H](Cc1ccccc1)NC(=O)O[C@H]1CO[C@H]2OCC[C@H]21)S(=O)(=O)c1ccc(N)cc1"	"Ki"	"'='"	"0.015"	"nM"	"10.82"	""	""	"UO_0000065"	"19.76"	"0.39"	"8.44"	"7.71"	"1"	"CHEMBL982908"	"Inhibition of HIV1 recombinant protease L10I/I15V/E35D/N37S/R41K/I62V/L63P/A71V/G73S/L90M mutant expressed in Escherichia coli by spectrophotometric assay"	"B"	"BAO_0000019"	"assay format"	"Human immunodeficiency virus 1"	"None"	"None"	"None"	"None"	""	"Q9YQ30"	"L10I,I15V,E35D,N37S,R41K,I62V,L63P,A71V,G73S,L90M"	"CHEMBL243"	"Human immunodeficiency virus type 1 protease"	"Human immunodeficiency virus 1"	"SINGLE PROTEIN"	"CHEMBL1155806"	"1"	"Scientific Literature"	"J Med Chem"	"2008"	"None"	""	""	""	"0.015"
"CHEMBL1163"	"ATAZANAVIR"	"4.0"	"704.87"	"1"	"4.21"	"atazanavir"	"COC(=O)N[C@H](C(=O)N[C@@H](Cc1ccccc1)[C@@H](O)CN(Cc1ccc(-c2ccccn2)cc1)NC(=O)[C@@H](NC(=O)OC)C(C)(C)C)C(C)(C)C"	"Ki"	"'='"	"0.055"	"nM"	"10.26"	""	""	"UO_0000065"	"14.56"	"0.27"	"6.05"	"5.99"	"0"	"CHEMBL982904"	"Inhibition of HIV1 recombinant protease D30N/N88D mutant expressed in Escherichia coli by spectrophotometric assay"	"B"	"BAO_0000019"	"assay format"	"Human immunodeficiency virus 1"	"None"	"None"	"None"	"None"	""	"O90781"	"D30N,N88D"	"CHEMBL243"	"Human immunodeficiency virus type 1 protease"	"Human immunodeficiency virus 1"	"SINGLE PROTEIN"	"CHEMBL1155806"	"1"	"Scientific Literature"	"J Med Chem"	"2008"	"None"	""	""	""	"0.055"
"CHEMBL116"	"AMPRENAVIR"	"4.0"	"505.64"	"1"	"2.40"	"Amprenavir"	"CC(C)CN(C[C@@H](O)[C@H](Cc1ccccc1)NC(=O)O[C@H]1CCOC1)S(=O)(=O)c1ccc(N)cc1"	"Ki"	"'='"	"0.057"	"nM"	"10.24"	""	""	"UO_0000065"	"20.26"	"0.40"	"7.84"	"7.81"	"0"	"CHEMBL772940"	"Inhibition of HIV-1 Protease activity"	"B"	"BAO_0000357"	"single protein format"	"Human immunodeficiency virus 1"	"None"	"None"	"None"	"None"	""	""	""	"CHEMBL243"	"Human immunodeficiency virus type 1 protease"	"Human immunodeficiency virus 1"	"SINGLE PROTEIN"	"CHEMBL1138692"	"1"	"Scientific Literature"	"Bioorg Med Chem Lett"	"2004"	"None"	""	""	""	"57.0"
"CHEMBL1323"	"DARUNAVIR"	"4.0"	"547.67"	"1"	"2.38"	"1; DRV"	"CC(C)CN(C[C@@H](O)[C@H](Cc1ccccc1)NC(=O)O[C@H]1CO[C@H]2OCC[C@H]21)S(=O)(=O)c1ccc(N)cc1"	"Ki"	"'='"	"0.016"	"nM"	"10.80"	""	""	"UO_0000065"	"19.71"	"0.39"	"8.42"	"7.69"	"1"	"CHEMBL5254890"	"Inhibition of HIV-1 protease using Abz-NF-6 as substrate assessed as inhibition constant measured every 2 mins for 20 mins by fluorescence based ELISA analysis"	"B"	"BAO_0000357"	"single protein format"	"Human immunodeficiency virus 1"	"None"	"None"	"None"	"None"	""	""	""	"CHEMBL243"	"Human immunodeficiency virus type 1 protease"	"Human immunodeficiency virus 1"	"SINGLE PROTEIN"	"CHEMBL5252561"	"1"	"Scientific Literature"	"Bioorg Med Chem Lett"	"2023"	"None"	"TIME = 0.3333 hr"	"INHIBITOR"	""	"16.0"
"CHEMBL163"	"RITONAVIR"	"4.0"	"720.96"	"2"	"5.91"	"ritonavir"	"CC(C)c1nc(CN(C)C(=O)N[C@H](C(=O)N[C@@H](Cc2ccccc2)C[C@H](O)[C@H](Cc2ccccc2)NC(=O)OCc2cncs2)C(C)C)cs1"	"Ki"	"'='"	"0.062"	"nM"	"10.21"	""	""	"UO_0000065"	"14.16"	"0.28"	"4.30"	"7.00"	"0"	"CHEMBL821387"	"Dissociation constant obtained by inhibition of Wild-type protease"	"B"	"BAO_0000357"	"single protein format"	"None"	"None"	"None"	"None"	"None"	""	""	""	"CHEMBL243"	"Human immunodeficiency virus type 1 protease"	"Human immunodeficiency virus 1"	"SINGLE PROTEIN"	"CHEMBL1133637"	"1"	"Scientific Literature"	"J Med Chem"	"2000"	"None"	""	""	""	"0.062"
"CHEMBL1323"	"DARUNAVIR"	"4.0"	"547.67"	"1"	"2.38"	"Darunavir"	"CC(C)CN(C[C@@H](O)[C@H](Cc1ccccc1)NC(=O)O[C@H]1CO[C@H]2OCC[C@H]21)S(=O)(=O)c1ccc(N)cc1"	"Ki"	"'='"	"0.016"	"nM"	"10.80"	""	""	"UO_0000065"	"19.71"	"0.39"	"8.42"	"7.69"	"0"	"CHEMBL5323121"	"Inhibition of HIV-1 protease expressed in Escherichia coli assessed as inhibition constant using Ac-Thr-Ile-Met-Met-Gln-Arg as substrate preincubated for 10 mins followed by substrate addition by HPLC analysis"	"B"	"BAO_0000019"	"assay format"	"Human immunodeficiency virus 1"	"None"	"None"	"None"	"None"	""	""	""	"CHEMBL243"	"Human immunodeficiency virus type 1 protease"	"Human immunodeficiency virus 1"	"SINGLE PROTEIN"	"CHEMBL5321239"	"1"	"Scientific Literature"	"Eur J Med Chem"	"2023"	"None"	"TIME = 0.1667 hr"	"INHIBITOR"	""	"16.0"
"CHEMBL1323"	"DARUNAVIR"	"4.0"	"547.67"	"1"	"2.38"	"TMC-114"	"CC(C)CN(C[C@@H](O)[C@H](Cc1ccccc1)NC(=O)O[C@H]1CO[C@H]2OCC[C@H]21)S(=O)(=O)c1ccc(N)cc1"	"Ki"	"'='"	"0.03"	"nM"	"10.52"	""	""	"UO_0000065"	"19.21"	"0.38"	"8.14"	"7.49"	"0"	"CHEMBL867059"	"Binding affinity to HIV1 protease L90M"	"B"	"BAO_0000357"	"single protein format"	"Human immunodeficiency virus 1"	"None"	"None"	"None"	"None"	""	""	""	"CHEMBL243"	"Human immunodeficiency virus type 1 protease"	"Human immunodeficiency virus 1"	"SINGLE PROTEIN"	"CHEMBL1149463"	"1"	"Scientific Literature"	"J Med Chem"	"2006"	"None"	""	""	""	"0.03"
"CHEMBL116"	"AMPRENAVIR"	"4.0"	"505.64"	"1"	"2.40"	"21a"	"CC(C)CN(C[C@@H](O)[C@H](Cc1ccccc1)NC(=O)O[C@H]1CCOC1)S(=O)(=O)c1ccc(N)cc1"	"Ki"	"'='"	"0.08"	"nM"	"10.10"	""	""	"UO_0000065"	"19.97"	"0.39"	"7.70"	"7.70"	"0"	"CHEMBL5104722"	"Binding affinity to HIV-1 protease assessed as inhibition constant incubated for 60 mins by mass spectrometric analysis"	"B"	"BAO_0000357"	"single protein format"	"Human immunodeficiency virus 1"	"None"	"None"	"None"	"None"	""	""	""	"CHEMBL243"	"Human immunodeficiency virus type 1 protease"	"Human immunodeficiency virus 1"	"SINGLE PROTEIN"	"CHEMBL5104099"	"1"	"Scientific Literature"	"Bioorg Med Chem"	"2022"	"None"	"TIME = 1.0 hr"	"INHIBITOR"	""	"0.08"
"CHEMBL163"	"RITONAVIR"	"4.0"	"720.96"	"2"	"5.91"	"2; RTV"	"CC(C)c1nc(CN(C)C(=O)N[C@H](C(=O)N[C@@H](Cc2ccccc2)C[C@H](O)[C@H](Cc2ccccc2)NC(=O)OCc2cncs2)C(C)C)cs1"	"Ki"	"'='"	"0.015"	"nM"	"10.82"	""	""	"UO_0000065"	"15.01"	"0.30"	"4.91"	"7.42"	"1"	"CHEMBL5252950"	"Binding affinity to HIV1 protease assessed as inhibition constant"	"B"	"BAO_0000357"	"single protein format"	"Human immunodeficiency virus 1"	"None"	"None"	"None"	"None"	""	""	""	"CHEMBL243"	"Human immunodeficiency virus type 1 protease"	"Human immunodeficiency virus 1"	"SINGLE PROTEIN"	"CHEMBL5252512"	"1"	"Scientific Literature"	"J Med Chem"	"2016"	"None"	""	"INHIBITOR"	""	"0.015"
